,country,status,continente,year,life_expectancy,adult_mortality,infant_deaths,alcohol,hepatitis_b,measles,bmi,under-five_deaths,polio,total_expenditure,diphtheria,hiv/aids,gdp,thinness__1-19_years,thinness_5-9_years,income_composition_of_resources,schooling
112,Australia,Developed,Oceania,2015.0,82.8,59.0,1.0,7.2059126507273845,93.0,74.0,66.6,1.0,93.0,2.5868013976397464,93.0,0.1,56554.3876,0.6,0.6,0.937,20.4
113,Australia,Developed,Oceania,2014.0,82.7,6.0,1.0,9.71,91.0,340.0,66.1,1.0,92.0,9.42,92.0,0.1,62214.6912,0.6,0.6,0.936,20.4
114,Australia,Developed,Oceania,2013.0,82.5,61.0,1.0,9.87,91.0,158.0,65.5,1.0,91.0,9.36,91.0,0.1,67792.3386,0.6,0.6,0.933,20.3
115,Australia,Developed,Oceania,2012.0,82.3,61.0,1.0,10.03,91.0,199.0,65.0,1.0,92.0,9.36,92.0,0.1,67677.63477,0.6,0.6,0.93,20.1
116,Australia,Developed,Oceania,2011.0,82.0,63.0,1.0,10.3,92.0,190.0,64.4,1.0,92.0,9.2,92.0,0.1,62245.129,0.6,0.6,0.927,19.8
117,Australia,Developed,Oceania,2010.0,81.9,64.0,1.0,10.52,92.0,70.0,63.9,1.0,92.0,9.2,92.0,0.1,51874.848,0.7,0.6,0.927,19.5
118,Australia,Developed,Oceania,2009.0,81.7,66.0,1.0,10.62,94.0,104.0,63.4,1.0,92.0,9.5,92.0,0.1,42742.99898,0.7,0.6,0.925,19.1
119,Australia,Developed,Oceania,2008.0,81.3,66.0,1.0,10.76,94.0,65.0,62.9,1.0,92.0,8.78,92.0,0.1,49664.6854,0.7,0.6,0.921,19.1
120,Australia,Developed,Oceania,2007.0,81.3,66.0,1.0,10.56,94.0,11.0,62.5,2.0,92.0,8.53,92.0,0.1,4991.98289,0.7,0.6,0.918,19.0
121,Australia,Developed,Oceania,2006.0,81.2,66.0,1.0,10.31,95.0,0.0,62.0,2.0,92.0,8.49,92.0,0.1,36118.28381,0.7,0.6,0.915,20.3
122,Australia,Developed,Oceania,2005.0,81.0,67.0,1.0,10.3,95.0,10.0,61.5,2.0,92.0,8.45,92.0,0.1,3416.71483,0.7,0.6,0.91,20.3
123,Australia,Developed,Oceania,2004.0,86.0,69.0,1.0,9.84,95.0,70.0,6.9,1.0,92.0,8.57,92.0,0.1,3472.37977,0.7,0.6,0.908,20.7
124,Australia,Developed,Oceania,2003.0,83.0,71.0,1.0,9.97,95.0,91.0,6.3,1.0,92.0,8.32,93.0,0.1,23465.38559,0.7,0.7,0.905,20.6
125,Australia,Developed,Oceania,2002.0,79.9,73.0,1.0,9.84,95.0,32.0,59.6,2.0,92.0,8.39,92.0,0.1,281.81763,0.7,0.7,0.902,20.1
126,Australia,Developed,Oceania,2001.0,79.9,75.0,1.0,9.53,94.0,141.0,59.0,2.0,91.0,8.18,92.0,0.1,19517.84168,0.7,0.7,0.899,20.5
127,Australia,Developed,Oceania,2000.0,79.5,78.0,1.0,10.17,19.621784222067276,108.0,58.2,2.0,9.0,8.8,9.0,0.1,2169.921,0.7,0.7,0.897,20.4
128,Austria,Developed,Europe,2015.0,81.5,65.0,0.0,4.64974111430962,93.0,309.0,57.6,0.0,93.0,3.2153201139561816,93.0,0.1,43665.947,1.9,2.1,0.892,15.9
129,Austria,Developed,Europe,2014.0,81.4,66.0,0.0,12.32,98.0,117.0,57.1,0.0,98.0,11.21,98.0,0.1,51322.63997,1.8,2.0,0.892,15.9
130,Austria,Developed,Europe,2013.0,81.1,68.0,0.0,11.82,95.0,0.0,56.6,0.0,95.0,11.14,95.0,0.1,554.71532,1.8,2.0,0.887,15.7
131,Austria,Developed,Europe,2012.0,88.0,7.0,0.0,12.26,92.0,36.0,56.1,0.0,92.0,11.17,92.0,0.1,48333.57273,1.8,2.0,0.884,15.7
132,Austria,Developed,Europe,2011.0,88.0,73.0,0.0,12.04,89.0,68.0,55.7,0.0,89.0,1.94,89.0,0.1,51126.74139,1.7,2.0,0.88,15.7
133,Austria,Developed,Europe,2010.0,84.0,75.0,0.0,12.1,86.0,52.0,55.2,0.0,86.0,11.17,86.0,0.1,46657.629,1.7,1.9,0.872,15.4
134,Austria,Developed,Europe,2009.0,82.0,77.0,0.0,11.3,83.0,49.0,54.7,0.0,83.0,11.19,83.0,0.1,47654.18721,1.7,1.9,0.87,15.3
135,Austria,Developed,Europe,2008.0,84.0,76.0,0.0,12.0,83.0,448.0,54.2,0.0,83.0,1.6,83.0,0.1,51386.37665,1.7,1.9,0.864,15.1
136,Austria,Developed,Europe,2007.0,81.0,8.0,0.0,12.5,85.0,20.0,53.7,0.0,85.0,1.4,85.0,0.1,46586.6525,1.7,1.9,0.86,15.2
137,Austria,Developed,Europe,2006.0,79.8,81.0,0.0,12.4,83.0,23.0,53.2,0.0,83.0,1.35,83.0,0.1,443.99361,1.7,1.9,0.854,15.0
138,Austria,Developed,Europe,2005.0,79.4,85.0,0.0,12.4,86.0,9.0,52.7,0.0,86.0,1.53,86.0,0.1,38242.4252,1.7,1.9,0.848,14.9
139,Austria,Developed,Europe,2004.0,79.3,86.0,0.0,12.1,83.0,15.0,52.2,0.0,83.0,1.56,83.0,0.1,36693.4262,1.7,1.9,0.841,14.7
140,Austria,Developed,Europe,2003.0,78.8,88.0,0.0,12.2,83.0,90.0,51.7,0.0,84.0,1.48,84.0,0.1,3212.9355,1.7,1.9,0.837,14.7
141,Austria,Developed,Europe,2002.0,78.7,9.0,0.0,12.5,81.0,0.0,51.2,0.0,82.0,1.27,83.0,0.1,26351.37568,1.7,1.9,0.847,16.1
142,Austria,Developed,Europe,2001.0,78.6,92.0,0.0,12.4,44.0,0.0,5.6,0.0,83.0,1.12,84.0,0.1,24489.73553,1.7,1.9,0.837,15.5
143,Austria,Developed,Europe,2000.0,78.1,96.0,0.0,13.2,33.0,0.0,5.1,0.0,71.0,1.6,81.0,0.1,24517.26745,1.7,1.9,0.833,15.4
240,Belgium,Developed,Europe,2015.0,81.1,74.0,0.0,6.700962673639424,98.0,47.0,63.7,1.0,99.0,7.148958811981117,99.0,0.1,4356.875,1.0,1.0,0.895,16.6
241,Belgium,Developed,Europe,2014.0,89.0,76.0,0.0,12.6,98.0,70.0,63.4,1.0,99.0,1.59,99.0,0.1,47439.39684,1.0,1.0,0.89,16.3
242,Belgium,Developed,Europe,2013.0,87.0,77.0,0.0,11.77,98.0,39.0,63.0,1.0,99.0,1.57,99.0,0.1,4651.38647,1.0,0.9,0.889,16.3
243,Belgium,Developed,Europe,2012.0,83.0,78.0,0.0,10.08,98.0,109.0,62.6,1.0,99.0,1.54,99.0,0.1,4474.5717,0.9,0.9,0.886,16.2
244,Belgium,Developed,Europe,2011.0,83.0,8.0,0.0,10.11,97.0,576.0,62.3,1.0,98.0,1.42,98.0,0.1,4772.77415,0.9,0.9,0.884,16.1
245,Belgium,Developed,Europe,2010.0,80.0,81.0,0.0,10.22,97.0,40.0,61.9,1.0,98.0,1.17,98.0,0.1,4438.23741,0.9,0.9,0.878,15.9
246,Belgium,Developed,Europe,2009.0,79.8,85.0,0.0,10.05,97.0,33.0,61.6,1.0,98.0,1.39,98.0,0.1,4488.5615,0.9,0.9,0.876,15.8
247,Belgium,Developed,Europe,2008.0,79.5,87.0,0.0,10.47,98.0,98.0,61.3,1.0,99.0,9.6,99.0,0.1,48424.58927,0.8,0.8,0.874,15.8
248,Belgium,Developed,Europe,2007.0,79.5,86.0,0.0,10.25,94.0,64.0,6.9,1.0,99.0,9.25,98.0,0.1,4443.83131,0.8,0.8,0.871,15.8
249,Belgium,Developed,Europe,2006.0,79.4,85.0,0.0,10.98,94.0,15.0,6.6,1.0,99.0,9.17,98.0,0.1,38852.3613,0.8,0.8,0.865,15.7
250,Belgium,Developed,Europe,2005.0,78.9,89.0,0.0,12.27,77.0,26.0,6.2,1.0,97.0,9.24,97.0,0.1,36967.28292,0.8,0.8,0.861,15.7
251,Belgium,Developed,Europe,2004.0,78.8,91.0,1.0,12.05,64.0,61.0,59.8,1.0,96.0,9.32,95.0,0.1,35589.71295,0.8,0.8,0.88,18.8
252,Belgium,Developed,Europe,2003.0,78.3,95.0,0.0,11.28,64.0,44.0,59.4,1.0,96.0,9.3,95.0,0.1,3743.95693,0.8,0.8,0.878,18.6
253,Belgium,Developed,Europe,2002.0,78.0,99.0,1.0,11.29,6.0,0.0,59.0,1.0,96.0,8.46,95.0,0.1,2552.3328,0.8,0.8,0.875,18.8
254,Belgium,Developed,Europe,2001.0,78.0,1.0,1.0,11.01,6.0,83.0,58.5,1.0,96.0,8.29,95.0,0.1,23121.56635,0.8,0.8,0.873,18.2
255,Belgium,Developed,Europe,2000.0,77.6,11.0,1.0,11.21,6.0,0.0,58.1,1.0,96.0,8.12,95.0,0.1,2327.4591,0.8,0.8,0.869,18.0
384,Bulgaria,Developed,Europe,2015.0,74.5,137.0,0.0,5.357538543742919,92.0,0.0,65.7,1.0,91.0,6.5745939581853605,91.0,0.1,6993.47736,1.9,1.8,0.792,15.0
385,Bulgaria,Developed,Europe,2014.0,74.3,138.0,1.0,12.03,95.0,0.0,65.1,1.0,88.0,8.44,88.0,0.1,7853.335191,1.9,1.9,0.787,14.8
386,Bulgaria,Developed,Europe,2013.0,74.1,14.0,1.0,12.06,95.0,14.0,64.5,1.0,95.0,7.93,95.0,0.1,7674.86559,1.9,1.9,0.781,14.4
387,Bulgaria,Developed,Europe,2012.0,73.9,139.0,1.0,10.99,95.0,1.0,63.9,1.0,95.0,7.11,95.0,0.1,7378.25539,1.9,1.9,0.778,14.3
388,Bulgaria,Developed,Europe,2011.0,73.7,144.0,1.0,10.67,96.0,157.0,63.3,1.0,95.0,6.88,95.0,0.1,7813.83499,2.0,2.0,0.775,14.2
389,Bulgaria,Developed,Europe,2010.0,73.4,147.0,1.0,10.8,95.0,22004.0,62.7,1.0,94.0,7.24,94.0,0.1,6843.263289,2.0,2.0,0.77,13.9
390,Bulgaria,Developed,Europe,2009.0,73.2,152.0,1.0,10.93,96.0,2249.0,62.1,1.0,94.0,6.78,94.0,0.1,6955.987733,2.0,2.1,0.768,13.8
391,Bulgaria,Developed,Europe,2008.0,72.9,155.0,1.0,10.98,96.0,1.0,61.5,1.0,96.0,6.61,95.0,0.1,7296.122479,2.1,2.1,0.761,13.8
392,Bulgaria,Developed,Europe,2007.0,72.6,157.0,1.0,10.89,95.0,1.0,6.9,1.0,95.0,6.41,95.0,0.1,5932.899677,2.1,2.2,0.755,13.5
393,Bulgaria,Developed,Europe,2006.0,72.2,161.0,1.0,10.39,96.0,1.0,6.3,1.0,96.0,6.67,95.0,0.1,4513.13628,2.2,2.2,0.75,13.5
394,Bulgaria,Developed,Europe,2005.0,72.1,16.0,1.0,10.48,96.0,3.0,59.7,1.0,97.0,7.8,96.0,0.1,3893.68998,2.2,2.3,0.745,13.5
395,Bulgaria,Developed,Europe,2004.0,72.2,157.0,1.0,10.96,94.0,0.0,59.1,1.0,94.0,7.9,95.0,0.1,3381.57837,2.3,2.3,0.738,13.3
396,Bulgaria,Developed,Europe,2003.0,72.0,155.0,1.0,11.19,96.0,0.0,58.6,1.0,96.0,7.43,96.0,0.1,271.46824,2.3,2.4,0.729,12.9
397,Bulgaria,Developed,Europe,2002.0,71.8,157.0,1.0,10.2,88.0,0.0,58.1,1.0,94.0,7.41,93.0,0.1,287.534843,2.4,2.4,0.723,12.9
398,Bulgaria,Developed,Europe,2001.0,71.6,16.0,1.0,10.72,93.0,8.0,57.5,1.0,94.0,7.23,94.0,0.1,1764.97387,2.4,2.5,0.713,12.9
399,Bulgaria,Developed,Europe,2000.0,71.1,163.0,1.0,9.69,94.0,46.0,57.0,1.0,94.0,6.7,93.0,0.1,169.28586,2.5,2.5,0.709,12.9
641,Croatia,Developed,Europe,2015.0,78.0,95.0,0.0,5.428540561463194,94.0,206.0,63.7,0.0,94.0,6.255329618730386,94.0,0.1,11579.6674,1.5,1.4,0.823,15.3
642,Croatia,Developed,Europe,2014.0,77.8,97.0,0.0,12.14,95.0,0.0,63.1,0.0,95.0,7.8,95.0,0.1,13467.46827,1.5,1.5,0.82,15.1
643,Croatia,Developed,Europe,2013.0,77.7,97.0,0.0,12.39,96.0,0.0,62.5,0.0,96.0,7.83,96.0,0.1,13574.749,1.5,1.5,0.817,14.9
644,Croatia,Developed,Europe,2012.0,77.1,14.0,0.0,11.49,98.0,2.0,61.9,0.0,96.0,7.8,96.0,0.1,13235.97757,1.5,1.5,0.815,14.6
645,Croatia,Developed,Europe,2011.0,77.0,14.0,0.0,12.19,97.0,12.0,61.3,0.0,96.0,7.8,96.0,0.1,14539.18421,1.6,1.5,0.808,14.5
646,Croatia,Developed,Europe,2010.0,76.6,16.0,0.0,12.1,97.0,7.0,6.6,0.0,97.0,8.25,97.0,0.1,1355.74586,1.6,1.6,0.803,14.2
647,Croatia,Developed,Europe,2009.0,76.3,19.0,0.0,12.21,97.0,2.0,6.0,0.0,96.0,8.18,96.0,0.1,14157.14416,1.7,1.6,0.803,14.2
648,Croatia,Developed,Europe,2008.0,76.0,116.0,0.0,12.06,97.0,51.0,59.4,0.0,96.0,7.7,96.0,0.1,15893.8656,1.7,1.7,0.8,14.3
649,Croatia,Developed,Europe,2007.0,75.8,114.0,0.0,12.56,95.0,0.0,58.7,0.0,96.0,7.44,96.0,0.1,13546.69872,1.8,1.7,0.793,14.3
650,Croatia,Developed,Europe,2006.0,75.9,113.0,0.0,11.83,87.91462864242658,1.0,58.1,0.0,96.0,6.95,96.0,0.1,11363.41845,1.8,1.8,0.783,13.9
651,Croatia,Developed,Europe,2005.0,75.2,116.0,0.0,11.59,88.82345881684125,2.0,57.5,0.0,96.0,6.89,96.0,0.1,1224.2459,1.8,1.8,0.777,13.6
652,Croatia,Developed,Europe,2004.0,75.4,114.0,0.0,13.11,87.53223857590194,54.0,56.9,0.0,96.0,6.56,96.0,0.1,9365.742468,1.9,1.9,0.771,13.3
653,Croatia,Developed,Europe,2003.0,74.7,122.0,0.0,13.78,86.47849478009425,19.0,56.3,0.0,95.0,6.35,94.0,0.1,785.881418,1.9,1.9,0.765,12.9
654,Croatia,Developed,Europe,2002.0,74.8,124.0,0.0,13.39,86.7883248140115,6.0,55.8,0.0,95.0,6.19,95.0,0.1,653.71637,2.0,2.0,0.759,12.6
655,Croatia,Developed,Europe,2001.0,74.9,126.0,0.0,13.15,84.98110736847423,8.0,55.2,0.0,94.0,7.16,94.0,0.1,5245.421419,2.0,2.0,0.749,12.3
656,Croatia,Developed,Europe,2000.0,74.7,127.0,0.0,12.73,84.00717110553853,9.0,54.7,0.0,94.0,7.66,93.0,0.1,4919.62869,2.1,2.1,0.739,12.2
673,Cyprus,Developed,Europe,2015.0,85.0,52.0,0.0,5.812558122746395,97.0,0.0,6.3,0.0,97.0,6.573131961867617,97.0,0.1,2375.1127,1.0,1.0,0.854,14.3
674,Cyprus,Developed,Europe,2014.0,83.0,53.0,0.0,0.01,96.0,10.0,59.8,0.0,99.0,7.37,99.0,0.1,2734.88382,0.9,1.0,0.85,14.0
675,Cyprus,Developed,Europe,2013.0,81.0,54.0,0.0,9.04,96.0,0.0,59.2,0.0,99.0,7.46,99.0,0.1,2797.96736,0.9,1.0,0.85,13.8
676,Cyprus,Developed,Europe,2012.0,80.0,56.0,0.0,10.55,96.0,1.0,58.7,0.0,99.0,7.44,99.0,0.1,28951.15556,0.9,1.0,0.85,13.8
677,Cyprus,Developed,Europe,2011.0,79.7,57.0,0.0,10.69,96.0,0.0,58.3,0.0,99.0,7.54,99.0,0.1,32233.83942,0.9,1.0,0.847,13.8
678,Cyprus,Developed,Europe,2010.0,79.5,59.0,0.0,11.32,96.0,18.0,57.8,0.0,99.0,7.23,99.0,0.1,3818.46396,0.9,1.0,0.853,14.6
679,Cyprus,Developed,Europe,2009.0,79.3,6.0,0.0,10.8,96.0,0.0,57.3,0.0,99.0,7.4,99.0,0.1,3215.8159,0.9,1.0,0.849,14.1
680,Cyprus,Developed,Europe,2008.0,79.1,62.0,0.0,12.01,93.0,1.0,56.8,0.0,97.0,6.89,97.0,0.1,3539.7488,0.9,1.0,0.844,13.7
681,Cyprus,Developed,Europe,2007.0,78.9,63.0,0.0,11.56,93.0,0.0,56.3,0.0,97.0,6.5,97.0,0.1,31386.63265,0.9,1.0,0.836,13.5
682,Cyprus,Developed,Europe,2006.0,78.8,64.0,0.0,11.47,93.0,0.0,55.8,0.0,97.0,6.28,97.0,0.1,27169.99256,0.9,1.0,0.829,13.4
683,Cyprus,Developed,Europe,2005.0,78.7,65.0,0.0,11.41,88.0,1.0,55.3,0.0,98.0,6.37,98.0,0.1,25324.48666,0.9,1.0,0.826,13.5
684,Cyprus,Developed,Europe,2004.0,78.6,65.0,0.0,13.03,88.0,0.0,54.8,0.0,98.0,6.42,98.0,0.1,23932.49128,0.9,1.0,0.823,13.4
685,Cyprus,Developed,Europe,2003.0,78.5,66.0,0.0,10.62,88.0,0.0,54.3,0.0,98.0,6.83,98.0,0.1,2293.4789,0.9,1.0,0.815,13.0
686,Cyprus,Developed,Europe,2002.0,78.4,68.0,0.0,11.68,88.0,0.0,53.8,0.0,98.0,6.12,98.0,0.1,16372.29152,0.9,1.0,0.805,12.5
687,Cyprus,Developed,Europe,2001.0,78.2,69.0,0.0,10.16,89.0,0.0,53.3,0.0,97.0,5.78,97.0,0.1,1562.92433,0.9,1.0,0.8,12.4
688,Cyprus,Developed,Europe,2000.0,78.1,7.0,0.0,9.56,89.0,0.0,52.8,0.0,97.0,5.77,97.0,0.1,14672.8826,0.9,1.0,0.798,12.5
689,Czech Republic,Developed,Europe,2015.0,78.8,86.0,0.0,5.434458751281284,97.0,9.0,66.1,0.0,97.0,6.804315439432642,97.0,0.1,5685.2108835426625,1.8,1.8,0.8273021764013091,15.15507291019216
690,Czech Republic,Developed,Europe,2014.0,78.6,88.0,0.0,12.68,99.0,222.0,65.6,0.0,99.0,7.41,97.0,0.1,4961.444023931806,1.8,1.9,0.8874893649928683,16.67978028814926
691,Czech Republic,Developed,Europe,2013.0,78.2,9.0,0.0,12.45,99.0,15.0,65.1,0.0,99.0,7.49,98.0,0.1,4823.107052478823,1.8,1.9,0.8760423195918428,16.46488283365335
692,Czech Republic,Developed,Europe,2012.0,78.0,93.0,0.0,12.71,99.0,22.0,64.5,0.0,99.0,7.55,99.0,0.1,4400.92290602671,1.8,1.9,0.8648769016306659,16.381232778239607
693,Czech Republic,Developed,Europe,2011.0,77.8,97.0,0.0,12.43,99.0,17.0,64.0,0.0,99.0,7.5,99.0,0.1,4217.063881441893,1.9,1.9,0.8520774636138899,16.186765210208705
694,Czech Republic,Developed,Europe,2010.0,77.5,99.0,0.0,12.69,99.0,0.0,63.6,0.0,99.0,7.43,99.0,0.1,4006.1366304591647,1.9,2.0,0.8437704747378447,16.09099405489117
695,Czech Republic,Developed,Europe,2009.0,77.1,12.0,0.0,13.23,99.0,5.0,63.1,0.0,99.0,7.85,99.0,0.1,3693.2017886204994,1.9,2.0,0.8374829319993822,16.037944916253608
696,Czech Republic,Developed,Europe,2008.0,77.0,16.0,0.0,13.25,99.0,2.0,62.6,0.0,99.0,6.82,99.0,0.1,3996.759585795575,1.9,2.0,0.8347642291825093,15.923695246908224
697,Czech Republic,Developed,Europe,2007.0,76.8,17.0,0.0,13.43,99.0,2.0,62.2,0.0,99.0,6.52,99.0,0.1,3923.1412344685523,2.0,2.1,0.8281013524618857,15.828163111570149
698,Czech Republic,Developed,Europe,2006.0,76.5,19.0,0.0,13.03,98.0,7.0,61.8,0.0,98.0,6.69,98.0,0.1,3602.624823907856,2.0,2.1,0.8115799692121044,15.585433584230387
699,Czech Republic,Developed,Europe,2005.0,75.9,114.0,0.0,13.19,99.0,0.0,61.3,0.0,96.0,6.93,97.0,0.1,3029.505445229821,2.1,2.1,0.7914386797265536,15.383900316119778
700,Czech Republic,Developed,Europe,2004.0,75.8,116.0,0.0,13.24,98.0,17.0,6.8,0.0,96.0,6.9,98.0,0.1,1374.7474504263373,2.1,2.2,0.729025937524078,14.31880172794078
701,Czech Republic,Developed,Europe,2003.0,75.2,122.0,0.0,13.01,92.0,30.0,6.4,0.0,97.0,7.13,97.0,0.1,908.5689026656328,2.2,2.2,0.7100336147039847,14.043581428400756
702,Czech Republic,Developed,Europe,2002.0,75.3,12.0,0.0,13.47,86.0,4.0,59.9,0.0,97.0,6.8,98.0,0.1,2409.4180918179336,2.2,2.3,0.770612674572158,15.037426851256441
703,Czech Republic,Developed,Europe,2001.0,75.1,123.0,0.0,13.36,89.05353290321511,6.0,59.4,0.0,97.0,6.42,98.0,0.1,2230.8313750748057,2.2,2.3,0.7566876653344909,14.878405957850532
704,Czech Republic,Developed,Europe,2000.0,74.7,126.0,0.0,13.22,88.82037881421604,9.0,59.0,0.0,98.0,6.31,98.0,0.1,2054.040725058934,2.3,2.3,0.74325507249171,14.67565263635781
737,Denmark,Developed,Europe,2015.0,86.0,71.0,0.0,8.3419256215509,92.32028243672642,9.0,58.8,0.0,93.0,7.228292345878074,93.0,0.1,5314.64416,1.1,0.9,0.923,19.2
738,Denmark,Developed,Europe,2014.0,84.0,73.0,0.0,9.64,78.81558305314229,27.0,58.4,0.0,94.0,1.8,94.0,0.1,62425.5392,1.1,0.9,0.926,19.2
739,Denmark,Developed,Europe,2013.0,81.0,75.0,0.0,9.5,79.0098433089779,17.0,58.1,0.0,94.0,11.25,94.0,0.1,61191.19263,1.1,0.9,0.924,18.7
740,Denmark,Developed,Europe,2012.0,80.0,76.0,0.0,9.26,89.45395261969668,2.0,57.7,0.0,94.0,1.98,94.0,0.1,5857.521,1.1,0.9,0.922,18.4
741,Denmark,Developed,Europe,2011.0,79.7,79.0,0.0,10.47,75.36021565980309,84.0,57.4,0.0,91.0,1.87,91.0,0.1,61753.667,1.1,0.9,0.91,16.9
742,Denmark,Developed,Europe,2010.0,79.2,84.0,0.0,10.28,22.828341439302676,5.0,57.0,0.0,9.0,11.8,9.0,0.1,5841.41122,1.1,0.9,0.906,16.8
743,Denmark,Developed,Europe,2009.0,78.9,86.0,0.0,10.08,73.87074127913513,6.0,56.6,0.0,89.0,11.47,89.0,0.1,58163.29359,1.1,0.9,0.906,16.8
744,Denmark,Developed,Europe,2008.0,78.8,88.0,0.0,10.7,70.94990827828883,14.0,56.3,0.0,88.0,1.18,88.0,0.1,64322.6664,1.1,0.9,0.906,16.8
745,Denmark,Developed,Europe,2007.0,78.4,93.0,0.0,10.99,71.47645683902783,2.0,55.9,0.0,87.0,9.99,87.0,0.1,58487.451,1.2,0.9,0.904,16.7
746,Denmark,Developed,Europe,2006.0,78.1,93.0,0.0,11.02,86.28515819354061,27.0,55.4,0.0,93.0,9.92,93.0,0.1,5226.99311,1.2,0.9,0.902,16.9
747,Denmark,Developed,Europe,2005.0,78.1,92.0,0.0,11.28,78.19739234429164,2.0,55.0,0.0,93.0,9.77,93.0,0.1,48799.8237,1.2,1.0,0.897,16.6
748,Denmark,Developed,Europe,2004.0,77.7,98.0,0.0,11.27,80.49113494607923,0.0,54.4,0.0,95.0,9.67,95.0,0.1,46511.6457,1.2,1.0,0.893,16.5
749,Denmark,Developed,Europe,2003.0,77.3,11.0,0.0,11.54,87.51209511243235,0.0,53.9,0.0,96.0,9.51,96.0,0.1,4458.7764,1.2,1.0,0.882,16.3
750,Denmark,Developed,Europe,2002.0,77.0,14.0,0.0,11.34,84.30006092617327,32.0,53.3,0.0,98.0,9.33,98.0,0.1,33228.69291,1.2,1.0,0.875,16.6
751,Denmark,Developed,Europe,2001.0,77.0,12.0,0.0,11.56,87.49790303215332,11.0,52.8,0.0,97.0,9.1,97.0,0.1,3751.64946,1.3,1.0,0.862,16.2
752,Denmark,Developed,Europe,2000.0,76.9,12.0,0.0,11.69,87.11482288518198,14.0,52.2,0.0,97.0,8.7,97.0,0.1,3743.55917,1.3,1.0,0.86,16.5
994,Germany,Developed,Europe,2015.0,81.0,68.0,2.0,5.791758904090898,88.0,2464.0,62.3,3.0,94.0,3.6144643651186072,95.0,0.1,41176.88158,1.1,1.1,0.924,17.1
995,Germany,Developed,Europe,2014.0,89.0,69.0,2.0,11.03,88.0,443.0,61.9,3.0,94.0,11.3,95.0,0.1,4792.65288,1.1,1.1,0.92,17.0
996,Germany,Developed,Europe,2013.0,86.0,71.0,2.0,10.94,88.0,1771.0,61.4,3.0,94.0,11.16,95.0,0.1,4653.91143,1.1,1.1,0.919,16.9
997,Germany,Developed,Europe,2012.0,86.0,71.0,2.0,11.18,88.0,166.0,6.9,3.0,94.0,1.99,95.0,0.1,4465.24891,1.1,1.1,0.916,16.9
998,Germany,Developed,Europe,2011.0,85.0,74.0,2.0,11.2,88.0,1607.0,6.4,3.0,94.0,1.93,95.0,0.1,4681.32796,1.1,1.1,0.912,16.8
999,Germany,Developed,Europe,2010.0,81.0,76.0,2.0,11.2,88.0,780.0,59.9,3.0,94.0,11.25,95.0,0.1,41785.55691,1.1,1.1,0.907,16.7
1000,Germany,Developed,Europe,2009.0,80.0,79.0,2.0,11.22,88.0,574.0,59.5,3.0,95.0,11.4,96.0,0.1,41732.7725,1.1,1.1,0.906,16.7
1001,Germany,Developed,Europe,2008.0,79.9,8.0,2.0,11.36,87.0,917.0,59.0,3.0,95.0,1.39,96.0,0.1,45699.19832,1.1,1.1,0.903,16.6
1002,Germany,Developed,Europe,2007.0,79.8,82.0,3.0,11.5,86.0,567.0,58.5,3.0,95.0,1.18,96.0,0.1,41814.8191,1.1,1.1,0.898,16.6
1003,Germany,Developed,Europe,2006.0,79.6,84.0,3.0,11.76,87.0,2307.0,58.0,3.0,94.0,1.34,96.0,0.1,36447.87232,1.1,1.1,0.892,16.5
1004,Germany,Developed,Europe,2005.0,79.2,85.0,3.0,11.67,9.0,778.0,57.6,3.0,95.0,1.52,96.0,0.1,34696.6292,1.1,1.1,0.884,16.4
1005,Germany,Developed,Europe,2004.0,79.1,86.0,3.0,11.83,88.0,121.0,57.1,3.0,96.0,1.37,96.0,0.1,34165.9343,1.1,1.1,0.877,16.4
1006,Germany,Developed,Europe,2003.0,78.5,9.0,3.0,11.92,9.0,779.0,56.6,4.0,96.0,1.62,97.0,0.1,3359.95215,1.1,1.1,0.872,16.3
1007,Germany,Developed,Europe,2002.0,78.4,91.0,3.0,12.25,87.0,4657.0,56.1,4.0,97.0,1.4,93.0,0.1,2525.16445,1.2,1.1,0.867,16.3
1008,Germany,Developed,Europe,2001.0,78.3,92.0,3.0,12.46,86.0,6024.0,55.6,4.0,96.0,1.15,93.0,0.1,23687.31689,1.2,1.1,0.86,16.2
1009,Germany,Developed,Europe,2000.0,78.0,95.0,3.0,12.91,84.0,0.0,55.1,4.0,94.0,1.1,9.0,0.1,23718.7467,1.2,1.2,0.855,16.2
1154,Hungary,Developed,Europe,2015.0,75.8,134.0,0.0,5.629024946233812,98.36585809489645,0.0,64.8,0.0,99.0,6.1993218684284415,99.0,0.1,12365.6263,1.6,1.6,0.834,15.6
1155,Hungary,Developed,Europe,2014.0,75.6,137.0,0.0,0.01,98.287502984061,0.0,64.2,0.0,99.0,7.4,99.0,0.1,14117.97668,1.7,1.6,0.834,15.8
1156,Hungary,Developed,Europe,2013.0,75.5,139.0,0.0,10.88,97.02724966395783,1.0,63.6,1.0,99.0,7.53,99.0,0.1,13613.6147,1.7,1.7,0.824,15.4
1157,Hungary,Developed,Europe,2012.0,75.0,146.0,0.0,11.27,96.42626139358504,2.0,63.0,1.0,99.0,7.74,99.0,0.1,12834.32349,1.7,1.7,0.823,15.4
1158,Hungary,Developed,Europe,2011.0,74.8,15.0,0.0,11.51,94.10684281564124,5.0,62.4,1.0,99.0,7.84,99.0,0.1,1448.87958,1.7,1.7,0.821,15.4
1159,Hungary,Developed,Europe,2010.0,74.5,156.0,0.0,10.78,93.98697108395447,0.0,61.7,1.0,99.0,7.85,99.0,0.1,1325.53379,1.8,1.8,0.817,15.3
1160,Hungary,Developed,Europe,2009.0,74.2,162.0,0.0,11.46,92.68170367834921,1.0,61.1,1.0,99.0,7.55,99.0,0.1,12967.16543,1.8,1.8,0.816,15.3
1161,Hungary,Developed,Europe,2008.0,74.1,165.0,1.0,11.64,93.70668614574106,0.0,6.5,1.0,99.0,7.33,99.0,0.1,15669.25929,1.9,1.9,0.812,15.3
1162,Hungary,Developed,Europe,2007.0,73.5,176.0,1.0,12.55,94.37912883836145,0.0,59.9,1.0,99.0,7.51,99.0,0.1,13842.6549,1.9,1.9,0.809,15.3
1163,Hungary,Developed,Europe,2006.0,73.4,177.0,1.0,13.16,90.99061088413532,1.0,59.3,1.0,99.0,8.1,99.0,0.1,11398.76584,2.0,2.0,0.802,15.2
1164,Hungary,Developed,Europe,2005.0,72.9,182.0,1.0,12.94,90.49149102645697,2.0,58.8,1.0,99.0,8.28,99.0,0.1,11161.72441,2.0,2.0,0.795,15.0
1165,Hungary,Developed,Europe,2004.0,72.9,18.0,1.0,13.28,90.85053445038807,0.0,58.2,1.0,99.0,8.8,99.0,0.1,1259.5266,2.1,2.1,0.793,15.3
1166,Hungary,Developed,Europe,2003.0,72.5,184.0,1.0,13.24,89.7742345153224,0.0,57.6,1.0,99.0,8.42,99.0,0.1,8396.25323,2.1,2.1,0.784,14.9
1167,Hungary,Developed,Europe,2002.0,72.5,184.0,1.0,13.29,90.03792881395213,0.0,57.1,1.0,98.0,7.47,99.0,0.1,665.6443,2.2,2.2,0.775,14.6
1168,Hungary,Developed,Europe,2001.0,72.3,185.0,1.0,13.18,89.74526386581226,20.0,56.6,1.0,99.0,7.11,99.0,0.1,527.85364,2.2,2.2,0.769,14.2
1169,Hungary,Developed,Europe,2000.0,71.7,193.0,1.0,12.22,89.97733977954351,1.0,56.1,1.0,99.0,7.6,99.0,0.1,4623.46712,2.3,2.3,0.761,13.9
1170,Iceland,Developed,Europe,2015.0,82.7,49.0,0.0,8.018451798898695,91.70285549004006,0.0,61.0,0.0,92.0,7.151437314163601,92.0,0.1,5734.4436,1.0,0.9,0.919,19.0
1171,Iceland,Developed,Europe,2014.0,82.5,49.0,0.0,7.45,15.236428927652469,0.0,6.6,0.0,9.0,8.86,9.0,0.1,52473.11356,1.0,0.9,0.915,19.0
1172,Iceland,Developed,Europe,2013.0,82.4,5.0,0.0,7.31,86.8596268514691,0.0,6.2,0.0,91.0,8.75,91.0,0.1,4781.3888,1.0,0.9,0.907,19.0
1173,Iceland,Developed,Europe,2012.0,82.5,5.0,0.0,7.81,79.54849415863146,0.0,59.7,0.0,89.0,8.68,89.0,0.1,44333.8518,1.0,0.9,0.901,18.7
1174,Iceland,Developed,Europe,2011.0,82.1,51.0,0.0,8.13,91.3370191073468,0.0,59.3,0.0,95.0,8.65,95.0,0.1,46.217,0.9,0.9,0.894,18.6
1175,Iceland,Developed,Europe,2010.0,81.8,53.0,0.0,8.25,85.45444409726133,0.0,58.9,0.0,96.0,8.86,96.0,0.1,41676.44527,0.9,0.9,0.894,18.4
1176,Iceland,Developed,Europe,2009.0,81.6,55.0,0.0,10.22,90.3405261879783,0.0,58.5,0.0,96.0,9.12,96.0,0.1,4461.89251,0.9,0.9,0.894,18.4
1177,Iceland,Developed,Europe,2008.0,81.4,58.0,0.0,8.49,84.91693213516146,0.0,58.1,0.0,98.0,8.8,98.0,0.1,55575.29196,0.9,0.9,0.892,18.2
1178,Iceland,Developed,Europe,2007.0,81.3,59.0,0.0,7.53,76.12313237943818,0.0,57.8,0.0,97.0,8.75,97.0,0.1,68348.31817,0.9,0.9,0.887,18.2
1179,Iceland,Developed,Europe,2006.0,81.1,61.0,0.0,7.2,89.54471265226391,0.0,57.4,0.0,97.0,8.96,97.0,0.1,5613.54115,0.9,0.9,0.884,18.1
1180,Iceland,Developed,Europe,2005.0,81.0,62.0,0.0,7.05,74.81732296417204,0.0,56.9,0.0,95.0,9.21,95.0,0.1,56249.7555,0.9,0.9,0.879,17.9
1181,Iceland,Developed,Europe,2004.0,88.0,65.0,0.0,6.79,80.74754871255618,0.0,56.5,0.0,99.0,9.59,99.0,0.1,46917.27216,1.0,0.9,0.873,18.3
1182,Iceland,Developed,Europe,2003.0,87.0,65.0,0.0,6.61,88.31099181886395,0.0,55.9,0.0,97.0,1.7,97.0,0.1,3944.999,1.0,0.9,0.866,17.6
1183,Iceland,Developed,Europe,2002.0,84.0,7.0,0.0,6.61,79.76692454801105,0.0,55.4,0.0,95.0,9.86,95.0,0.1,31996.2172,1.0,0.9,0.859,17.2
1184,Iceland,Developed,Europe,2001.0,80.0,72.0,0.0,6.37,78.4532646834175,0.0,54.8,0.0,92.0,9.12,92.0,0.1,28585.9254,1.0,0.9,0.854,17.1
1185,Iceland,Developed,Europe,2000.0,79.7,74.0,0.0,6.17,81.53358348527968,0.0,54.2,0.0,98.0,9.28,98.0,0.1,31813.37344,1.0,0.9,0.847,16.8
1250,Ireland,Developed,Europe,2015.0,81.4,64.0,0.0,7.915349318656581,95.0,4.0,62.8,0.0,95.0,7.119627148632588,95.0,0.1,6664.144,0.3,0.2,0.92,18.6
1251,Ireland,Developed,Europe,2014.0,81.2,66.0,0.0,10.75,95.0,33.0,62.1,0.0,96.0,7.78,96.0,0.1,5553.32623,0.3,0.2,0.91,18.6
1252,Ireland,Developed,Europe,2013.0,81.0,67.0,0.0,10.49,95.0,51.0,61.3,0.0,96.0,8.1,96.0,0.1,5234.76736,0.3,0.2,0.902,18.6
1253,Ireland,Developed,Europe,2012.0,85.0,69.0,0.0,11.49,95.0,107.0,6.5,0.0,95.0,8.32,95.0,0.1,49231.36254,0.3,0.2,0.895,18.5
1254,Ireland,Developed,Europe,2011.0,84.0,7.0,0.0,11.72,95.0,285.0,59.7,0.0,95.0,8.15,95.0,0.1,52567.52568,0.3,0.2,0.909,18.5
1255,Ireland,Developed,Europe,2010.0,86.0,68.0,0.0,11.88,46.0,443.0,58.9,0.0,94.0,8.76,94.0,0.1,48538.58776,0.3,0.2,0.907,18.2
1256,Ireland,Developed,Europe,2009.0,79.7,77.0,0.0,11.41,81.19662226612934,164.0,58.2,0.0,94.0,9.53,94.0,0.1,51983.78892,0.3,0.2,0.909,17.9
1257,Ireland,Developed,Europe,2008.0,79.8,75.0,0.0,12.66,77.19174863740818,57.0,57.4,0.0,93.0,8.64,93.0,0.1,61235.415,0.3,0.2,0.908,17.9
1258,Ireland,Developed,Europe,2007.0,79.5,75.0,0.0,13.59,75.25866411642426,64.0,56.6,0.0,92.0,7.57,92.0,0.1,61388.17457,0.3,0.2,0.902,17.6
1259,Ireland,Developed,Europe,2006.0,79.0,78.0,0.0,13.44,74.32735700963553,87.0,55.8,0.0,91.0,7.22,91.0,0.1,54326.9713,0.3,0.2,0.896,17.6
1260,Ireland,Developed,Europe,2005.0,78.7,78.0,0.0,13.31,20.146605601835518,95.0,55.1,0.0,9.0,7.27,9.0,0.1,5886.82789,0.3,0.2,0.889,17.5
1261,Ireland,Developed,Europe,2004.0,78.3,82.0,0.0,13.32,73.19584213431995,334.0,54.4,0.0,89.0,7.34,89.0,0.1,47631.6377,0.3,0.2,0.88,17.1
1262,Ireland,Developed,Europe,2003.0,78.0,82.0,0.0,13.24,79.28903479707958,584.0,53.6,0.0,86.0,7.5,86.0,0.1,4117.15532,0.3,0.2,0.87,16.8
1263,Ireland,Developed,Europe,2002.0,77.4,88.0,0.0,14.17,71.46218676536694,243.0,52.9,0.0,83.0,6.85,83.0,0.1,32539.1937,0.3,0.3,0.862,16.5
1264,Ireland,Developed,Europe,2001.0,77.0,89.0,0.0,14.27,72.87899090145538,241.0,52.2,0.0,84.0,6.6,84.0,0.1,28223.55528,0.3,0.3,0.857,16.4
1265,Ireland,Developed,Europe,2000.0,76.4,94.0,0.0,14.07,74.74284556895566,0.0,51.5,0.0,86.0,6.3,86.0,0.1,26241.91883,0.3,0.3,0.848,16.2
1282,Italy,Developed,Europe,2015.0,82.7,56.0,1.0,6.684411920342029,93.0,159.0,63.6,2.0,93.0,7.528933869232787,93.0,0.1,349.14755,0.6,0.6,0.881,16.3
1283,Italy,Developed,Europe,2014.0,82.5,57.0,2.0,7.56,95.0,0.0,63.1,2.0,95.0,9.25,95.0,0.1,35396.66517,0.6,0.6,0.877,16.3
1284,Italy,Developed,Europe,2013.0,82.3,58.0,2.0,7.35,96.0,0.0,62.6,2.0,96.0,9.22,96.0,0.1,3537.27441,0.5,0.6,0.876,16.5
1285,Italy,Developed,Europe,2012.0,82.0,6.0,2.0,7.49,96.0,376.0,62.1,2.0,96.0,9.28,97.0,0.1,34814.12436,0.5,0.6,0.877,16.6
1286,Italy,Developed,Europe,2011.0,82.0,6.0,2.0,6.98,96.0,5189.0,61.5,2.0,96.0,9.27,96.0,0.1,38334.68477,0.5,0.5,0.872,16.4
1287,Italy,Developed,Europe,2010.0,81.8,6.0,2.0,6.95,96.0,372.0,61.0,2.0,96.0,9.42,96.0,0.1,35849.37364,0.5,0.5,0.869,16.4
1288,Italy,Developed,Europe,2009.0,81.6,61.0,2.0,7.25,96.0,351.0,6.5,2.0,96.0,9.41,96.0,0.1,36976.84512,0.5,0.5,0.868,16.3
1289,Italy,Developed,Europe,2008.0,81.5,61.0,2.0,7.96,96.0,1617.0,59.9,2.0,96.0,8.89,96.0,0.1,464.18465,0.5,0.5,0.866,16.3
1290,Italy,Developed,Europe,2007.0,81.3,63.0,2.0,8.37,97.0,321.0,59.4,2.0,97.0,8.48,97.0,0.1,37698.78573,0.5,0.5,0.862,16.1
1291,Italy,Developed,Europe,2006.0,81.2,65.0,2.0,8.44,96.0,439.0,58.8,2.0,97.0,8.82,96.0,0.1,3341.7482,0.5,0.5,0.856,16.0
1292,Italy,Developed,Europe,2005.0,88.0,66.0,2.0,8.65,96.0,135.0,58.2,2.0,97.0,8.71,95.0,0.1,31959.26215,0.5,0.5,0.851,15.8
1293,Italy,Developed,Europe,2004.0,89.0,66.0,2.0,8.98,96.0,599.0,57.6,3.0,97.0,8.49,94.0,0.1,31174.56118,0.5,0.5,0.846,15.6
1294,Italy,Developed,Europe,2003.0,79.9,72.0,2.0,9.3,95.0,10982.0,57.0,3.0,97.0,8.17,96.0,0.1,27387.2258,0.5,0.5,0.841,15.4
1295,Italy,Developed,Europe,2002.0,80.0,72.0,2.0,9.25,95.0,9385.0,56.4,3.0,96.0,8.23,93.0,0.1,22196.5736,0.5,0.5,0.836,15.2
1296,Italy,Developed,Europe,2001.0,79.8,75.0,2.0,9.69,95.0,0.0,55.7,3.0,96.0,8.11,93.0,0.1,24.819,0.5,0.5,0.828,14.9
1297,Italy,Developed,Europe,2000.0,79.4,77.0,3.0,9.78,94.0,1457.0,55.0,3.0,97.0,7.91,87.0,0.1,251.2426,0.5,0.5,0.823,14.8
1314,Japan,Developed,Asia,2015.0,83.7,55.0,2.0,4.886679020578242,99.45562110848823,35.0,29.0,3.0,99.0,3.796519859203457,96.0,0.1,34474.13736,2.1,1.8,0.902,15.3
1315,Japan,Developed,Asia,2014.0,83.5,57.0,2.0,0.01,93.82332026326446,462.0,28.6,3.0,99.0,1.23,96.0,0.1,3896.21151,2.0,1.7,0.899,15.3
1316,Japan,Developed,Asia,2013.0,83.5,56.0,2.0,7.55,92.90084616292995,229.0,28.2,3.0,99.0,1.25,96.0,0.1,4454.44746,2.0,1.7,0.894,15.3
1317,Japan,Developed,Asia,2012.0,83.3,58.0,2.0,7.39,93.03965308443173,228.0,27.8,3.0,99.0,1.17,97.0,0.1,4863.47665,1.9,1.7,0.889,15.3
1318,Japan,Developed,Asia,2011.0,82.5,64.0,3.0,7.39,78.48885034795273,434.0,27.4,4.0,96.0,1.7,97.0,0.1,48167.99727,1.9,1.6,0.884,15.1
1319,Japan,Developed,Asia,2010.0,83.0,62.0,3.0,6.9,90.6043724696301,450.0,26.9,4.0,98.0,9.58,97.0,0.1,4457.67639,1.9,1.6,0.879,15.1
1320,Japan,Developed,Asia,2009.0,83.0,64.0,3.0,7.09,90.32924472381251,741.0,26.4,4.0,99.0,9.51,97.0,0.1,4855.17564,1.8,1.6,0.881,15.0
1321,Japan,Developed,Asia,2008.0,82.7,66.0,3.0,7.11,81.49085760976777,11015.0,25.9,4.0,98.0,8.6,98.0,0.1,39339.29757,1.8,1.5,0.88,15.0
1322,Japan,Developed,Asia,2007.0,82.6,67.0,3.0,7.29,82.07684278313491,0.0,25.4,4.0,97.0,8.25,98.0,0.1,35275.22843,1.8,1.5,0.877,15.0
1323,Japan,Developed,Asia,2006.0,82.4,68.0,3.0,7.49,81.40007519780829,520.0,24.9,4.0,95.0,8.19,98.0,0.1,35433.98896,1.7,1.5,0.873,14.9
1324,Japan,Developed,Asia,2005.0,82.0,69.0,3.0,7.99,80.59286804673718,0.0,24.4,4.0,95.0,8.18,98.0,0.1,37217.64873,1.7,1.5,0.87,14.9
1325,Japan,Developed,Asia,2004.0,82.1,68.0,3.0,7.7,81.07262017880134,8752.0,23.8,4.0,97.0,8.3,99.0,0.1,37688.72234,1.7,1.4,0.866,14.8
1326,Japan,Developed,Asia,2003.0,81.9,7.0,3.0,7.83,87.32376771318184,8286.0,23.4,5.0,97.0,8.0,97.0,0.1,3488.3992,1.7,1.4,0.863,14.8
1327,Japan,Developed,Asia,2002.0,81.8,7.0,3.0,7.87,78.27577286449241,33812.0,22.9,5.0,89.0,7.85,96.0,0.1,32289.3554,1.7,1.4,0.86,14.7
1328,Japan,Developed,Asia,2001.0,81.5,72.0,4.0,8.03,75.69251895544483,22552.0,22.5,5.0,81.0,7.75,95.0,0.1,33846.46564,1.7,1.4,0.856,14.6
1329,Japan,Developed,Asia,2000.0,81.1,74.0,4.0,7.97,73.14219123336943,22497.0,22.2,5.0,98.0,7.53,85.0,0.1,38532.488,1.6,1.4,0.852,14.5
1442,Latvia,Developed,Europe,2015.0,74.6,153.0,0.0,5.728520283751038,94.0,0.0,61.2,0.0,95.0,5.967391879115567,95.0,0.1,13666.58336,2.2,2.1,0.828,16.0
1443,Latvia,Developed,Europe,2014.0,74.4,156.0,0.0,0.01,92.0,36.0,6.7,0.0,92.0,5.88,92.0,0.1,15725.1374,2.2,2.2,0.822,16.0
1444,Latvia,Developed,Europe,2013.0,74.1,161.0,0.0,10.37,94.0,0.0,6.2,0.0,94.0,5.67,94.0,0.1,1532.22924,2.2,2.2,0.814,15.4
1445,Latvia,Developed,Europe,2012.0,73.8,163.0,0.0,10.21,9.0,3.0,59.8,0.0,91.0,5.91,91.0,0.1,13822.8559,2.2,2.2,0.812,15.5
1446,Latvia,Developed,Europe,2011.0,73.6,169.0,0.0,10.14,89.0,1.0,59.4,0.0,92.0,6.1,92.0,0.1,1372.68947,2.2,2.3,0.81,15.8
1447,Latvia,Developed,Europe,2010.0,72.8,18.0,0.0,9.8,91.0,0.0,58.9,0.0,92.0,6.55,92.0,0.1,11326.21947,2.2,2.3,0.815,16.0
1448,Latvia,Developed,Europe,2009.0,72.6,184.0,0.0,9.85,92.0,0.0,58.5,0.0,94.0,6.84,94.0,0.1,12219.37379,2.3,2.3,0.821,16.4
1449,Latvia,Developed,Europe,2008.0,71.9,199.0,0.0,11.84,93.0,3.0,58.1,0.0,94.0,6.63,94.0,0.1,16348.53121,2.3,2.4,0.819,16.3
1450,Latvia,Developed,Europe,2007.0,78.0,221.0,0.0,12.12,91.0,0.0,57.7,0.0,94.0,7.1,94.0,0.1,1444.1589,2.4,2.4,0.814,16.2
1451,Latvia,Developed,Europe,2006.0,75.0,229.0,0.0,10.4,94.0,7.0,57.4,0.0,96.0,6.8,96.0,0.1,9667.9757,2.4,2.5,0.807,16.2
1452,Latvia,Developed,Europe,2005.0,76.0,216.0,0.0,9.92,99.0,2.0,57.0,0.0,99.0,6.37,99.0,0.1,7558.7426,2.5,2.5,0.791,15.9
1453,Latvia,Developed,Europe,2004.0,71.0,26.0,0.0,8.81,98.0,0.0,56.6,0.0,99.0,6.51,99.0,0.1,6351.8125,2.5,2.6,0.776,15.5
1454,Latvia,Developed,Europe,2003.0,78.0,29.0,0.0,8.24,98.0,0.0,56.3,0.0,98.0,6.15,98.0,0.1,5134.95694,2.6,2.6,0.761,15.2
1455,Latvia,Developed,Europe,2002.0,73.0,219.0,0.0,7.44,98.0,0.0,56.0,0.0,98.0,6.29,97.0,0.1,4132.34927,2.7,2.7,0.746,14.8
1456,Latvia,Developed,Europe,2001.0,69.9,228.0,0.0,6.68,96.0,1.0,55.7,0.0,97.0,6.17,97.0,0.1,3572.8513,2.8,2.8,0.728,14.2
1457,Latvia,Developed,Europe,2000.0,71.0,218.0,0.0,7.13,95.0,0.0,55.4,0.0,96.0,6.0,96.0,0.1,3352.731296,2.8,2.8,0.716,13.7
1522,Lithuania,Developed,Europe,2015.0,73.6,165.0,0.0,5.895194208783607,94.0,50.0,62.4,0.0,93.0,5.890919135121479,93.0,0.1,14252.42853,2.6,2.6,0.846,16.5
1523,Lithuania,Developed,Europe,2014.0,73.4,169.0,0.0,15.19,94.0,11.0,61.9,0.0,93.0,6.55,93.0,0.1,16554.97139,2.6,2.7,0.841,16.5
1524,Lithuania,Developed,Europe,2013.0,73.0,178.0,0.0,15.04,93.0,35.0,61.4,0.0,93.0,6.59,93.0,0.1,15712.82376,2.7,2.7,0.834,16.4
1525,Lithuania,Developed,Europe,2012.0,73.0,176.0,0.0,15.14,93.0,0.0,6.9,0.0,93.0,6.67,93.0,0.1,14341.836,2.7,2.7,0.83,16.5
1526,Lithuania,Developed,Europe,2011.0,72.8,18.0,0.0,12.66,95.0,7.0,6.5,0.0,92.0,6.86,92.0,0.1,14357.73679,2.7,2.8,0.826,16.7
1527,Lithuania,Developed,Europe,2010.0,72.4,188.0,0.0,12.9,94.0,2.0,6.0,0.0,95.0,7.9,95.0,0.1,11984.86857,2.8,2.8,0.824,16.8
1528,Lithuania,Developed,Europe,2009.0,72.2,192.0,0.0,12.4,95.0,0.0,59.7,0.0,98.0,7.53,98.0,0.1,11837.3913,2.8,2.9,0.825,16.6
1529,Lithuania,Developed,Europe,2008.0,71.1,224.0,0.0,13.3,96.0,1.0,59.3,0.0,96.0,6.61,96.0,0.1,14961.56818,2.9,2.9,0.82,16.5
1530,Lithuania,Developed,Europe,2007.0,72.0,24.0,0.0,13.4,96.0,0.0,59.0,0.0,95.0,6.22,95.0,0.1,12297.91535,2.9,3.0,0.812,16.4
1531,Lithuania,Developed,Europe,2006.0,76.0,229.0,0.0,12.7,95.0,1.0,58.7,0.0,94.0,6.2,94.0,0.1,924.642548,3.0,3.0,0.807,16.4
1532,Lithuania,Developed,Europe,2005.0,78.0,222.0,0.0,12.3,95.0,1.0,58.4,0.0,93.0,5.83,94.0,0.1,7863.1629,3.0,3.1,0.798,16.2
1533,Lithuania,Developed,Europe,2004.0,71.6,24.0,0.0,12.1,94.0,1.0,58.1,0.0,9.0,5.67,94.0,0.1,676.966998,3.1,3.1,0.792,16.3
1534,Lithuania,Developed,Europe,2003.0,71.6,22.0,0.0,11.29,95.0,1.0,57.8,0.0,91.0,6.46,94.0,0.1,555.535669,3.2,3.2,0.78,15.8
1535,Lithuania,Developed,Europe,2002.0,71.4,22.0,0.0,11.0,94.0,103.0,57.5,0.0,97.0,6.4,95.0,0.1,4146.987928,3.3,3.3,0.77,15.3
1536,Lithuania,Developed,Europe,2001.0,71.2,21.0,0.0,10.2,95.0,7.0,57.2,0.0,97.0,6.26,95.0,0.1,353.147337,3.3,3.3,0.757,14.7
1537,Lithuania,Developed,Europe,2000.0,71.6,2.0,0.0,9.87,98.0,19.0,56.9,0.0,92.0,6.46,94.0,0.1,3297.35471,3.4,3.4,0.745,14.0
1538,Luxembourg,Developed,Europe,2015.0,82.0,63.0,0.0,5.148666551626661,94.0,0.0,61.3,0.0,99.0,7.239660262026618,99.0,0.1,1199.8223,1.0,0.9,0.896,13.9
1539,Luxembourg,Developed,Europe,2014.0,81.7,65.0,0.0,11.12,94.0,0.0,6.9,0.0,99.0,6.94,99.0,0.1,119172.7418,1.0,0.9,0.892,13.9
1540,Luxembourg,Developed,Europe,2013.0,81.4,68.0,0.0,11.02,94.0,0.0,6.5,0.0,99.0,7.1,99.0,0.1,113751.85,0.9,0.9,0.892,13.9
1541,Luxembourg,Developed,Europe,2012.0,81.1,7.0,0.0,11.34,94.0,2.0,6.1,0.0,99.0,7.18,99.0,0.1,16749.136,0.9,0.9,0.892,13.9
1542,Luxembourg,Developed,Europe,2011.0,88.0,72.0,0.0,11.5,95.0,6.0,59.6,0.0,96.0,7.34,99.0,0.1,115761.577,0.9,0.9,0.894,13.9
1543,Luxembourg,Developed,Europe,2010.0,86.0,73.0,0.0,11.36,94.0,0.0,59.2,0.0,96.0,7.68,99.0,0.1,14965.361,0.9,0.9,0.884,13.7
1544,Luxembourg,Developed,Europe,2009.0,83.0,76.0,0.0,11.42,95.0,0.0,58.8,0.0,96.0,8.11,99.0,0.1,13198.6693,0.9,0.9,0.888,13.5
1545,Luxembourg,Developed,Europe,2008.0,80.0,8.0,0.0,11.53,94.0,1.0,58.4,0.0,96.0,7.34,99.0,0.1,114293.8433,0.9,0.9,0.887,13.5
1546,Luxembourg,Developed,Europe,2007.0,79.7,82.0,0.0,11.75,87.0,0.0,57.9,0.0,96.0,6.8,99.0,0.1,1618.4928,0.9,0.9,0.877,13.5
1547,Luxembourg,Developed,Europe,2006.0,79.4,85.0,0.0,11.98,95.0,8.0,57.5,0.0,99.0,7.75,99.0,0.1,89739.7117,0.9,0.9,0.88,13.5
1548,Luxembourg,Developed,Europe,2005.0,78.8,9.0,0.0,11.84,95.0,0.0,57.0,0.0,99.0,7.95,99.0,0.1,8289.69641,1.0,0.9,0.874,13.5
1549,Luxembourg,Developed,Europe,2004.0,78.7,92.0,0.0,12.42,94.0,0.0,56.4,0.0,99.0,8.2,99.0,0.1,75716.3518,1.0,0.9,0.867,13.5
1550,Luxembourg,Developed,Europe,2003.0,78.6,92.0,0.0,12.61,95.0,1.0,55.8,0.0,99.0,7.67,98.0,0.1,65445.8853,1.0,0.9,0.865,13.6
1551,Luxembourg,Developed,Europe,2002.0,78.3,95.0,0.0,12.91,95.0,0.0,55.2,0.0,99.0,8.27,99.0,0.1,5293.64115,1.0,0.9,0.86,13.5
1552,Luxembourg,Developed,Europe,2001.0,78.0,96.0,0.0,12.89,86.0,0.0,54.6,0.0,99.0,7.4,99.0,0.1,48179.4285,1.0,1.0,0.854,13.4
1553,Luxembourg,Developed,Europe,2000.0,77.8,98.0,0.0,13.14,77.0,0.0,54.0,0.0,99.0,7.48,99.0,0.1,48735.99549,1.0,1.0,0.848,13.5
1634,Malta,Developed,Europe,2015.0,81.7,54.0,0.0,4.6949166169071646,95.0,2.0,69.6,0.0,97.0,5.2657255922774056,97.0,0.1,23819.4636,0.8,0.8,0.853,14.6
1635,Malta,Developed,Europe,2014.0,81.4,55.0,0.0,8.49,9.0,0.0,69.2,0.0,99.0,9.75,99.0,0.1,2618.92599,0.8,0.8,0.847,14.3
1636,Malta,Developed,Europe,2013.0,81.1,57.0,0.0,8.58,94.0,0.0,68.8,0.0,99.0,9.89,99.0,0.1,2393.1888,0.8,0.7,0.828,14.2
1637,Malta,Developed,Europe,2012.0,81.0,58.0,0.0,7.67,93.0,0.0,68.4,0.0,99.0,9.95,99.0,0.1,2193.8836,0.8,0.7,0.821,14.1
1638,Malta,Developed,Europe,2011.0,87.0,59.0,0.0,6.91,82.0,3.0,68.0,0.0,96.0,9.6,96.0,0.1,22821.847,0.8,0.7,0.826,14.8
1639,Malta,Developed,Europe,2010.0,83.0,62.0,0.0,7.91,75.0,0.0,67.6,0.0,76.0,8.3,76.0,0.1,2187.79469,0.8,0.7,0.819,14.6
1640,Malta,Developed,Europe,2009.0,82.0,63.0,0.0,7.38,86.0,1.0,67.1,0.0,73.0,8.33,73.0,0.1,2675.58259,0.8,0.7,0.815,14.4
1641,Malta,Developed,Europe,2008.0,80.0,64.0,0.0,7.14,86.0,1.0,66.6,0.0,72.0,8.15,72.0,0.1,21928.767,0.7,0.7,0.813,14.6
1642,Malta,Developed,Europe,2007.0,79.6,65.0,0.0,7.45,82.0,2.0,66.1,0.0,76.0,8.36,74.0,0.1,19375.5696,0.7,0.7,0.808,14.4
1643,Malta,Developed,Europe,2006.0,79.3,66.0,0.0,8.84,86.0,1.0,65.6,0.0,83.0,8.93,85.0,0.1,16671.5672,0.7,0.7,0.809,14.8
1644,Malta,Developed,Europe,2005.0,79.0,67.0,0.0,6.41,85.0,6.0,65.0,0.0,94.0,8.83,92.0,0.1,15835.34667,0.7,0.7,0.805,14.8
1645,Malta,Developed,Europe,2004.0,78.7,69.0,0.0,6.53,85.0,4.0,64.5,0.0,89.0,8.46,89.0,0.1,1519.5497,0.7,0.7,0.797,14.2
1646,Malta,Developed,Europe,2003.0,78.5,71.0,0.0,6.7,89.0,4.0,63.9,0.0,94.0,8.6,94.0,0.1,13689.98999,0.7,0.7,0.79,13.8
1647,Malta,Developed,Europe,2002.0,78.2,75.0,0.0,5.73,85.95010797709745,7.0,63.4,0.0,95.0,7.86,95.0,0.1,11843.9392,0.7,0.7,0.786,13.8
1648,Malta,Developed,Europe,2001.0,77.8,79.0,0.0,5.62,86.82114350304755,2.0,62.8,0.0,95.0,7.11,95.0,0.1,1121.78636,0.7,0.7,0.783,13.7
1649,Malta,Developed,Europe,2000.0,77.5,8.0,0.0,5.59,85.55496013227639,2.0,62.3,0.0,94.0,6.83,94.0,0.1,1139.5651,0.8,0.7,0.779,13.8
1829,Netherlands,Developed,Europe,2015.0,81.9,57.0,1.0,6.156213688701371,94.0,7.0,62.1,1.0,95.0,3.487684859678893,95.0,0.1,44292.88473,1.0,0.9,0.923,18.1
1830,Netherlands,Developed,Europe,2014.0,81.7,58.0,1.0,0.01,92.0,140.0,61.6,1.0,96.0,1.9,96.0,0.1,52157.4687,1.0,0.9,0.923,18.1
1831,Netherlands,Developed,Europe,2013.0,81.4,6.0,1.0,8.68,51.0,2632.0,61.0,1.0,97.0,11.4,97.0,0.1,51574.48942,1.0,0.9,0.922,18.1
1832,Netherlands,Developed,Europe,2012.0,81.1,62.0,1.0,9.05,2.0,10.0,6.5,1.0,97.0,11.1,97.0,0.1,49474.7561,1.0,0.9,0.921,18.1
1833,Netherlands,Developed,Europe,2011.0,81.1,63.0,1.0,8.96,2.0,51.0,59.9,1.0,97.0,1.53,97.0,0.1,5354.6536,1.0,0.9,0.911,17.2
1834,Netherlands,Developed,Europe,2010.0,88.0,64.0,1.0,9.33,90.33829829143247,15.0,59.3,1.0,97.0,1.48,97.0,0.1,5338.25483,1.0,0.9,0.906,17.0
1835,Netherlands,Developed,Europe,2009.0,86.0,65.0,1.0,9.23,91.348166216094,15.0,58.6,1.0,97.0,1.29,97.0,0.1,519.349,1.0,0.9,0.906,16.9
1836,Netherlands,Developed,Europe,2008.0,83.0,68.0,1.0,9.62,76.71556999280449,109.0,57.9,1.0,97.0,9.57,97.0,0.1,56928.8248,1.0,0.9,0.905,16.8
1837,Netherlands,Developed,Europe,2007.0,82.0,68.0,1.0,9.53,77.92910793892781,10.0,57.3,1.0,97.0,9.36,97.0,0.1,51241.31562,1.0,1.0,0.899,16.6
1838,Netherlands,Developed,Europe,2006.0,79.8,71.0,1.0,9.79,78.70813213640713,1.0,56.5,1.0,96.0,9.36,96.0,0.1,44453.97119,1.0,1.0,0.893,16.5
1839,Netherlands,Developed,Europe,2005.0,79.4,72.0,1.0,9.69,81.52842332489968,4.0,55.8,1.0,96.0,9.6,96.0,0.1,41577.169,1.0,1.0,0.888,16.4
1840,Netherlands,Developed,Europe,2004.0,79.2,77.0,1.0,9.56,85.47465537850235,11.0,55.0,1.0,98.0,8.52,98.0,0.1,39954.64222,1.0,1.0,0.885,16.5
1841,Netherlands,Developed,Europe,2003.0,78.7,8.0,1.0,9.56,85.91930251325925,4.0,54.2,1.0,98.0,8.46,98.0,0.1,35245.1647,1.1,1.0,0.881,16.5
1842,Netherlands,Developed,Europe,2002.0,78.4,81.0,1.0,9.68,85.77350947707362,3.0,53.4,1.0,97.0,8.34,97.0,0.1,28817.32321,1.1,1.0,0.882,16.9
1843,Netherlands,Developed,Europe,2001.0,78.3,82.0,1.0,9.95,85.99883197835788,0.0,52.6,1.0,97.0,7.79,97.0,0.1,26584.12169,1.1,1.1,0.878,16.7
1844,Netherlands,Developed,Europe,2000.0,78.1,84.0,1.0,10.06,85.40961720468124,1019.0,51.8,1.0,97.0,7.42,97.0,0.1,25921.12794,1.1,1.1,0.873,16.5
1845,New Zealand,Developed,Oceania,2015.0,81.6,66.0,0.0,8.7,92.0,10.0,67.5,0.0,92.0,7.486368534674284,92.0,0.1,3821.8937,0.4,0.3,0.913,19.2
1846,New Zealand,Developed,Oceania,2014.0,81.5,67.0,0.0,9.07,93.0,280.0,66.9,0.0,93.0,11.3,93.0,0.1,4453.24673,0.4,0.3,0.91,19.2
1847,New Zealand,Developed,Oceania,2013.0,81.3,69.0,0.0,9.18,93.0,8.0,66.4,0.0,92.0,11.17,92.0,0.1,42889.88141,0.3,0.3,0.908,19.3
1848,New Zealand,Developed,Oceania,2012.0,81.1,7.0,0.0,9.2,93.0,68.0,65.9,0.0,93.0,11.53,93.0,0.1,3997.25624,0.3,0.3,0.904,19.5
1849,New Zealand,Developed,Oceania,2011.0,86.0,72.0,0.0,9.47,95.0,597.0,65.3,0.0,95.0,11.24,95.0,0.1,38426.5581,0.3,0.3,0.901,19.7
1850,New Zealand,Developed,Oceania,2010.0,89.0,71.0,0.0,9.62,9.0,43.0,64.8,0.0,93.0,11.2,93.0,0.1,33691.34837,0.3,0.3,0.899,20.3
1851,New Zealand,Developed,Oceania,2009.0,85.0,73.0,0.0,9.24,93.0,198.0,64.3,0.0,92.0,11.21,92.0,0.1,282.94193,0.3,0.3,0.895,19.3
1852,New Zealand,Developed,Oceania,2008.0,81.0,75.0,0.0,9.49,9.0,0.0,63.8,0.0,89.0,1.7,89.0,0.1,31287.77865,0.3,0.3,0.894,19.5
1853,New Zealand,Developed,Oceania,2007.0,81.0,76.0,0.0,9.19,88.0,25.0,63.2,0.0,88.0,8.35,88.0,0.1,3259.73471,0.3,0.3,0.891,19.2
1854,New Zealand,Developed,Oceania,2006.0,79.9,76.0,0.0,9.34,87.0,20.0,62.6,0.0,89.0,8.65,89.0,0.1,2667.86452,0.3,0.3,0.888,19.1
1855,New Zealand,Developed,Oceania,2005.0,79.9,78.0,0.0,9.31,87.0,20.0,62.1,0.0,89.0,8.25,89.0,0.1,2775.89515,0.3,0.3,0.886,18.9
1856,New Zealand,Developed,Oceania,2004.0,79.2,79.0,0.0,9.15,88.0,33.0,61.5,0.0,87.0,7.89,89.0,0.1,2542.39935,0.3,0.3,0.884,18.4
1857,New Zealand,Developed,Oceania,2003.0,79.1,82.0,0.0,8.91,89.0,66.0,6.9,0.0,86.0,7.71,9.0,0.1,21913.7817,0.3,0.3,0.881,18.2
1858,New Zealand,Developed,Oceania,2002.0,78.7,83.0,0.0,9.13,89.0,21.0,6.3,0.0,84.0,7.89,9.0,0.1,16874.31232,0.3,0.3,0.873,17.5
1859,New Zealand,Developed,Oceania,2001.0,78.5,83.0,0.0,8.75,9.0,65.0,59.6,0.0,82.0,7.58,9.0,0.1,13882.85683,0.3,0.3,0.868,17.4
1860,New Zealand,Developed,Oceania,2000.0,78.6,87.0,0.0,8.91,9.0,65.0,58.9,0.0,82.0,7.47,9.0,0.1,13641.1272,0.3,0.3,0.864,17.2
1910,Norway,Developed,Europe,2015.0,81.8,59.0,0.0,5.97,94.30756140008032,14.0,61.2,0.0,95.0,6.802899232576763,95.0,0.1,7455.24654,0.8,0.7,0.948,17.7
1911,Norway,Developed,Europe,2014.0,81.6,61.0,0.0,6.06,89.4576866299169,3.0,6.8,0.0,93.0,9.72,93.0,0.1,975.49856,0.8,0.7,0.945,17.7
1912,Norway,Developed,Europe,2013.0,81.5,62.0,0.0,6.21,89.7471437860197,8.0,6.3,0.0,94.0,9.39,94.0,0.1,1291.435,0.8,0.7,0.942,17.5
1913,Norway,Developed,Europe,2012.0,81.3,61.0,0.0,6.21,89.1288116481395,4.0,59.8,0.0,95.0,9.16,95.0,0.1,11563.727,0.7,0.7,0.941,17.6
1914,Norway,Developed,Europe,2011.0,81.1,67.0,0.0,6.53,90.23759817036887,39.0,59.4,0.0,94.0,9.14,94.0,0.1,1574.9861,0.7,0.7,0.939,17.6
1915,Norway,Developed,Europe,2010.0,81.0,66.0,0.0,6.59,70.34770796541454,3.0,58.9,0.0,93.0,9.26,93.0,0.1,87646.75346,0.7,0.7,0.936,17.4
1916,Norway,Developed,Europe,2009.0,89.0,67.0,0.0,6.68,89.51352227595248,2.0,58.5,0.0,94.0,9.49,94.0,0.1,817.77681,0.7,0.7,0.936,17.4
1917,Norway,Developed,Europe,2008.0,86.0,67.0,0.0,6.75,87.07849180081598,4.0,58.0,0.0,94.0,8.4,94.0,0.1,9688.5961,0.7,0.7,0.936,17.6
1918,Norway,Developed,Europe,2007.0,85.0,67.0,0.0,6.6,69.67334774154972,0.0,57.5,0.0,93.0,8.58,93.0,0.1,85128.65759,0.7,0.7,0.934,17.6
1919,Norway,Developed,Europe,2006.0,84.0,7.0,0.0,6.47,72.53072647337012,0.0,57.0,0.0,94.0,8.43,94.0,0.1,74114.69715,0.8,0.7,0.931,17.5
1920,Norway,Developed,Europe,2005.0,81.0,73.0,0.0,6.37,70.86155248314844,0.0,56.5,0.0,91.0,8.89,91.0,0.1,66775.3944,0.8,0.7,0.929,17.6
1921,Norway,Developed,Europe,2004.0,79.8,77.0,0.0,6.22,84.82526232336761,7.0,55.9,0.0,92.0,9.44,92.0,0.1,5757.26916,0.8,0.7,0.924,17.5
1922,Norway,Developed,Europe,2003.0,79.4,78.0,0.0,6.04,84.51031238629525,8.0,55.3,0.0,92.0,9.85,92.0,0.1,5111.65445,0.8,0.7,0.918,17.1
1923,Norway,Developed,Europe,2002.0,78.9,81.0,0.0,5.89,85.01850659420552,5.0,54.6,0.0,93.0,9.62,93.0,0.1,4361.1538,0.8,0.7,0.916,17.1
1924,Norway,Developed,Europe,2001.0,78.8,82.0,0.0,5.49,76.44556963925038,4.0,54.0,0.0,91.0,8.65,91.0,0.1,38549.58934,0.8,0.7,0.917,17.5
1925,Norway,Developed,Europe,2000.0,78.5,85.0,0.0,5.67,30.413125314725903,0.0,53.3,0.0,91.0,8.27,9.0,0.1,38146.71539,0.8,0.7,0.911,17.1
2039,Poland,Developed,Europe,2015.0,77.5,117.0,2.0,6.069364281207697,96.0,0.0,61.7,2.0,92.0,6.151668939652907,98.0,0.1,12565.9876,1.9,2.0,0.852,16.4
2040,Poland,Developed,Europe,2014.0,77.3,12.0,2.0,10.71,96.0,0.0,61.1,2.0,94.0,6.35,98.0,0.1,14341.675,1.9,2.1,0.85,16.4
2041,Poland,Developed,Europe,2013.0,77.1,12.0,2.0,11.63,96.0,84.0,6.4,2.0,95.0,6.4,99.0,0.1,1378.54911,2.0,2.1,0.838,15.4
2042,Poland,Developed,Europe,2012.0,76.8,125.0,2.0,10.81,97.0,71.0,59.7,2.0,95.0,6.62,99.0,0.1,13145.1484,2.0,2.1,0.834,15.3
2043,Poland,Developed,Europe,2011.0,76.7,128.0,2.0,10.93,98.0,0.0,59.1,2.0,96.0,6.7,99.0,0.1,13893.18768,2.0,2.2,0.829,15.4
2044,Poland,Developed,Europe,2010.0,76.3,13.0,2.0,10.59,98.0,13.0,58.4,2.0,96.0,6.88,99.0,0.1,12599.52486,2.1,2.2,0.822,15.1
2045,Poland,Developed,Europe,2009.0,75.7,136.0,2.0,10.7,98.0,115.0,57.8,3.0,96.0,7.12,99.0,0.1,11527.59323,2.1,2.3,0.818,15.1
2046,Poland,Developed,Europe,2008.0,75.5,14.0,2.0,11.4,98.0,0.0,57.2,3.0,96.0,6.88,99.0,0.1,141.44688,2.2,2.3,0.813,15.0
2047,Poland,Developed,Europe,2007.0,75.3,144.0,2.0,10.9,98.0,40.0,56.6,3.0,99.0,6.28,99.0,0.1,1126.31852,2.2,2.4,0.808,15.0
2048,Poland,Developed,Europe,2006.0,75.2,144.0,2.0,10.4,98.0,120.0,56.0,3.0,99.0,6.17,99.0,0.1,94.7726,2.3,2.4,0.803,15.0
2049,Poland,Developed,Europe,2005.0,75.0,144.0,2.0,9.5,98.0,13.0,55.5,3.0,99.0,6.2,99.0,0.1,821.251569,2.3,2.5,0.797,14.8
2050,Poland,Developed,Europe,2004.0,74.9,143.0,2.0,9.19,98.0,11.0,55.0,3.0,99.0,6.19,99.0,0.1,6681.178818,2.4,2.5,0.8,15.5
2051,Poland,Developed,Europe,2003.0,74.7,142.0,3.0,9.06,97.0,48.0,54.5,3.0,98.0,6.22,99.0,0.1,5693.52416,2.4,2.6,0.796,15.3
2052,Poland,Developed,Europe,2002.0,74.5,145.0,3.0,8.02,98.0,34.0,54.0,3.0,98.0,6.32,99.0,0.1,5196.932921,2.5,2.6,0.79,15.0
2053,Poland,Developed,Europe,2001.0,74.2,149.0,3.0,7.74,95.0,133.0,53.6,3.0,98.0,5.86,98.0,0.1,4981.198619,2.5,2.7,0.784,14.7
2054,Poland,Developed,Europe,2000.0,73.7,153.0,3.0,8.4,99.0,77.0,53.1,4.0,98.0,5.5,98.0,0.1,4492.72764,2.5,2.8,0.777,14.6
2055,Portugal,Developed,Europe,2015.0,81.1,76.0,0.0,6.812080337771988,98.0,8.0,61.6,0.0,98.0,7.389156399198498,98.0,0.1,1922.681,0.7,0.5,0.841,16.6
2056,Portugal,Developed,Europe,2014.0,89.0,78.0,0.0,9.88,98.0,0.0,6.9,0.0,98.0,9.5,98.0,0.1,2277.53613,0.7,0.5,0.837,16.8
2057,Portugal,Developed,Europe,2013.0,86.0,79.0,0.0,10.0,98.0,1.0,6.2,0.0,98.0,9.55,98.0,0.1,21618.73534,0.7,0.5,0.827,16.3
2058,Portugal,Developed,Europe,2012.0,83.0,81.0,0.0,11.96,98.0,23.0,59.5,0.0,98.0,9.74,98.0,0.1,2577.4264,0.7,0.5,0.824,16.3
2059,Portugal,Developed,Europe,2011.0,82.0,85.0,0.0,11.92,97.0,2.0,58.8,0.0,97.0,1.7,97.0,0.1,23196.18375,0.7,0.5,0.818,16.2
2060,Portugal,Developed,Europe,2010.0,79.6,88.0,0.0,12.25,97.0,5.0,58.1,0.0,97.0,1.44,98.0,0.1,22538.6548,0.7,0.5,0.812,16.0
2061,Portugal,Developed,Europe,2009.0,79.3,9.0,0.0,12.03,96.0,3.0,57.3,0.0,96.0,1.42,96.0,0.1,2363.97161,0.7,0.5,0.809,16.0
2062,Portugal,Developed,Europe,2008.0,79.0,92.0,0.0,12.35,97.0,1.0,56.5,0.0,97.0,9.9,97.0,0.1,24815.6884,0.7,0.5,0.804,15.8
2063,Portugal,Developed,Europe,2007.0,78.7,94.0,0.0,12.57,97.0,0.0,55.7,0.0,96.0,9.62,97.0,0.1,2278.5845,0.7,0.5,0.797,15.4
2064,Portugal,Developed,Europe,2006.0,78.5,96.0,0.0,13.11,97.0,0.0,54.9,0.0,97.0,9.67,97.0,0.1,19821.44463,0.7,0.5,0.793,15.4
2065,Portugal,Developed,Europe,2005.0,77.7,11.0,0.0,13.33,94.0,7.0,54.1,1.0,93.0,9.98,93.0,0.1,18784.9485,0.7,0.6,0.79,15.4
2066,Portugal,Developed,Europe,2004.0,78.0,99.0,0.0,13.45,94.0,5.0,53.3,1.0,95.0,9.84,95.0,0.1,1845.5881,0.7,0.6,0.792,15.9
2067,Portugal,Developed,Europe,2003.0,77.3,15.0,0.0,14.21,94.0,8.0,52.5,1.0,96.0,9.54,99.0,0.1,15772.7334,0.7,0.6,0.789,15.8
2068,Portugal,Developed,Europe,2002.0,77.2,17.0,1.0,12.0,82.0,8.0,51.7,1.0,96.0,9.15,98.0,0.1,12882.28897,0.8,0.6,0.788,15.9
2069,Portugal,Developed,Europe,2001.0,76.9,11.0,1.0,12.22,7.0,0.0,5.9,1.0,96.0,9.1,97.0,0.1,11729.14616,0.8,0.6,0.782,15.7
2070,Portugal,Developed,Europe,2000.0,76.6,11.0,1.0,11.89,58.0,45.0,5.1,1.0,96.0,9.14,96.0,0.1,1152.39681,0.8,0.6,0.777,15.5
2119,Romania,Developed,Europe,2015.0,75.0,133.0,2.0,5.608261422799387,9.0,4.0,6.7,2.0,89.0,5.543816018474246,89.0,0.1,8958.788593,2.5,2.7,0.798,14.7
2120,Romania,Developed,Europe,2014.0,74.8,135.0,2.0,0.01,94.0,59.0,59.9,2.0,94.0,5.57,94.0,0.1,12.27733,2.6,2.8,0.797,14.7
2121,Romania,Developed,Europe,2013.0,74.6,138.0,2.0,9.59,96.0,1159.0,59.2,2.0,88.0,5.6,92.0,0.1,9585.266593,2.7,2.9,0.794,14.7
2122,Romania,Developed,Europe,2012.0,74.4,138.0,2.0,9.58,96.0,7450.0,58.4,2.0,92.0,5.48,91.0,0.1,8558.39766,2.8,3.0,0.797,15.3
2123,Romania,Developed,Europe,2011.0,74.3,139.0,2.0,9.1,96.0,4189.0,57.7,2.0,89.0,5.53,89.0,0.1,92.277825,2.9,3.1,0.798,15.7
2124,Romania,Developed,Europe,2010.0,73.4,153.0,2.0,9.0,98.0,193.0,56.9,2.0,94.0,5.83,94.0,0.1,8297.483621,3.0,3.2,0.797,15.8
2125,Romania,Developed,Europe,2009.0,73.1,158.0,2.0,10.4,95.0,8.0,56.3,3.0,95.0,5.56,95.0,0.1,822.18329,3.0,3.3,0.795,15.4
2126,Romania,Developed,Europe,2008.0,73.1,159.0,2.0,11.9,97.0,12.0,55.6,3.0,95.0,5.33,96.0,0.1,1136.47356,3.1,3.5,0.78,14.7
2127,Romania,Developed,Europe,2007.0,72.9,154.0,3.0,10.6,99.0,353.0,55.0,3.0,96.0,5.21,96.0,0.1,8214.185378,3.2,3.6,0.766,14.1
2128,Romania,Developed,Europe,2006.0,72.5,157.0,3.0,8.51,99.0,3196.0,54.4,4.0,97.0,5.6,97.0,0.1,5828.745662,3.2,3.7,0.755,13.7
2129,Romania,Developed,Europe,2005.0,71.9,162.0,3.0,7.68,98.0,5043.0,53.9,4.0,97.0,5.47,97.0,0.1,4676.315183,3.3,3.8,0.745,13.4
2130,Romania,Developed,Europe,2004.0,71.7,165.0,4.0,9.82,99.0,117.0,53.4,4.0,97.0,5.43,97.0,0.1,3552.92452,3.4,3.9,0.733,12.9
2131,Romania,Developed,Europe,2003.0,71.1,174.0,4.0,8.78,98.0,9.0,52.9,4.0,97.0,5.3,97.0,0.1,2774.95586,3.5,4.0,0.722,12.5
2132,Romania,Developed,Europe,2002.0,77.0,178.0,4.0,9.62,99.0,14.0,52.4,5.0,98.0,4.57,98.0,0.1,2124.873613,3.7,4.1,0.714,12.0
2133,Romania,Developed,Europe,2001.0,78.0,179.0,4.0,9.78,98.0,10.0,51.9,5.0,99.0,4.36,99.0,0.1,1839.72945,3.8,4.2,0.708,11.7
2134,Romania,Developed,Europe,2000.0,77.0,175.0,4.0,10.16,98.0,35.0,51.4,5.0,99.0,4.33,99.0,0.1,1668.162731,4.0,4.3,0.703,11.5
2313,Singapore,Developed,Asia,2015.0,83.1,55.0,0.0,1.79,96.0,0.0,33.2,0.0,96.0,1.7808078470841195,96.0,0.1,53629.73746,2.2,2.2,0.924,15.4
2314,Singapore,Developed,Asia,2014.0,82.9,56.0,0.0,1.83,96.0,0.0,32.9,0.0,96.0,4.92,96.0,0.1,56336.7234,2.2,2.2,0.922,15.4
2315,Singapore,Developed,Asia,2013.0,82.7,57.0,0.0,1.83,97.0,138.0,32.7,0.0,97.0,4.53,97.0,0.1,5629.18914,2.2,2.2,0.92,15.4
2316,Singapore,Developed,Asia,2012.0,82.5,59.0,0.0,1.89,97.0,42.0,32.4,0.0,97.0,4.22,97.0,0.1,54431.16199,2.2,2.1,0.917,15.4
2317,Singapore,Developed,Asia,2011.0,82.2,6.0,0.0,1.8,96.0,148.0,32.1,0.0,96.0,3.93,96.0,0.1,53166.67581,2.1,2.1,0.911,15.2
2318,Singapore,Developed,Asia,2010.0,82.0,61.0,0.0,1.84,96.0,50.0,31.8,0.0,96.0,3.96,96.0,0.1,46569.67951,2.1,2.1,0.889,14.5
2319,Singapore,Developed,Asia,2009.0,81.7,62.0,0.0,1.73,96.0,16.0,31.5,0.0,97.0,4.27,97.0,0.1,38577.55822,2.1,2.1,0.887,14.4
2320,Singapore,Developed,Asia,2008.0,81.4,64.0,0.0,1.7,97.0,18.0,31.2,0.0,97.0,3.91,97.0,0.1,39721.4818,2.1,2.1,0.88,14.2
2321,Singapore,Developed,Asia,2007.0,81.1,65.0,0.0,1.6,96.0,15.0,3.9,0.0,97.0,3.46,97.0,0.1,39223.58187,2.1,2.0,0.873,14.1
2322,Singapore,Developed,Asia,2006.0,87.0,66.0,0.0,1.55,95.0,23.0,3.5,0.0,95.0,3.66,95.0,0.1,33579.85948,2.1,2.0,0.839,13.9
2323,Singapore,Developed,Asia,2005.0,82.0,69.0,0.0,1.49,96.0,33.0,3.2,0.0,96.0,3.74,96.0,0.1,29869.85398,2.1,2.0,0.821,12.6
2324,Singapore,Developed,Asia,2004.0,79.7,71.0,0.0,1.45,94.0,96.0,29.9,0.0,95.0,3.17,95.0,0.1,2745.27136,2.1,2.0,0.82,12.7
2325,Singapore,Developed,Asia,2003.0,79.3,73.0,0.0,1.43,95.0,33.0,29.6,0.0,96.0,3.63,96.0,0.1,23573.6284,2.1,2.0,0.819,12.7
2326,Singapore,Developed,Asia,2002.0,79.0,74.0,0.0,2.16,95.0,211.0,29.2,0.0,94.0,2.84,94.0,0.1,2216.83279,2.1,2.0,0.818,12.6
2327,Singapore,Developed,Asia,2001.0,78.7,76.0,0.0,2.08,95.0,408.0,28.9,0.0,95.0,2.37,96.0,0.1,21577.7823,2.1,2.0,0.82,12.7
2328,Singapore,Developed,Asia,2000.0,78.3,78.0,0.0,2.03,97.0,141.0,28.5,0.0,98.0,2.71,98.0,0.1,23792.677,2.1,2.0,0.81,12.5
2329,Slovakia,Developed,Europe,2015.0,76.7,19.0,0.0,5.2756344915567865,96.0,1.0,59.1,0.0,96.0,6.7616530066671885,96.0,0.1,5389.722593022627,1.2,1.2,0.842,15.0
2330,Slovakia,Developed,Europe,2014.0,76.4,113.0,0.0,10.6,97.0,0.0,58.4,0.0,97.0,8.5,97.0,0.1,3808.9941021559644,1.2,1.2,0.841,15.1
2331,Slovakia,Developed,Europe,2013.0,76.1,114.0,0.0,9.89,98.0,0.0,57.8,0.0,98.0,8.0,98.0,0.1,3893.9721964388737,1.2,1.3,0.838,15.0
2332,Slovakia,Developed,Europe,2012.0,75.8,118.0,0.0,10.12,99.0,0.0,57.2,0.0,99.0,8.15,99.0,0.1,3605.168040763121,1.2,1.3,0.835,15.0
2333,Slovakia,Developed,Europe,2011.0,75.6,122.0,0.0,10.24,99.0,0.0,56.5,0.0,99.0,7.96,99.0,0.1,3483.384522442997,1.2,1.3,0.829,15.0
2334,Slovakia,Developed,Europe,2010.0,75.1,124.0,0.0,10.13,99.0,0.0,55.9,0.0,99.0,8.51,99.0,0.1,2982.79327313439,1.3,1.3,0.822,15.0
2335,Slovakia,Developed,Europe,2009.0,75.0,131.0,0.0,10.63,99.0,0.0,55.3,0.0,99.0,9.15,99.0,0.1,2412.54796861083,1.3,1.4,0.82,14.9
2336,Slovakia,Developed,Europe,2008.0,74.7,136.0,0.0,11.37,99.0,0.0,54.8,0.0,99.0,8.2,99.0,0.1,2602.7833752688603,1.3,1.4,0.813,14.8
2337,Slovakia,Developed,Europe,2007.0,74.4,14.0,0.0,10.58,99.0,0.0,54.2,0.0,99.0,7.76,99.0,0.1,2847.1194963254384,1.3,1.4,0.802,14.5
2338,Slovakia,Developed,Europe,2006.0,74.3,138.0,0.0,10.28,99.0,0.0,53.7,0.0,99.0,7.35,99.0,0.1,2629.0810667534824,1.4,1.5,0.793,14.3
2339,Slovakia,Developed,Europe,2005.0,74.0,141.0,0.0,10.81,99.0,0.0,53.1,0.0,99.0,7.4,99.0,0.1,2309.421654015663,1.4,1.5,0.784,14.0
2340,Slovakia,Developed,Europe,2004.0,74.1,138.0,0.0,10.03,99.0,2.0,52.6,0.0,99.0,7.21,99.0,0.1,2274.5714161092183,1.4,1.5,0.776,13.8
2341,Slovakia,Developed,Europe,2003.0,73.8,144.0,0.0,9.85,99.0,1.0,52.1,0.0,98.0,5.82,99.0,0.1,2717.4417086988688,1.5,1.6,0.771,13.6
2342,Slovakia,Developed,Europe,2002.0,73.7,145.0,0.0,10.78,99.0,0.0,51.6,0.0,98.0,5.63,99.0,0.1,2519.9864826892735,1.5,1.6,0.763,13.3
2343,Slovakia,Developed,Europe,2001.0,73.3,145.0,0.0,10.73,99.0,0.0,51.1,1.0,99.0,5.5,99.0,0.1,2406.0585971801192,1.5,1.6,0.763,13.3
2344,Slovakia,Developed,Europe,2000.0,73.0,147.0,0.0,11.06,98.0,0.0,5.7,1.0,98.0,5.5,99.0,0.1,1025.454203099478,1.6,1.7,0.761,13.0
2345,Slovenia,Developed,Europe,2015.0,88.0,74.0,0.0,7.703034195747193,92.03209909086229,18.0,6.1,0.0,95.0,6.751572186202651,95.0,0.1,2729.86383,1.4,1.3,0.888,17.3
2346,Slovenia,Developed,Europe,2014.0,87.0,76.0,0.0,10.46,92.46191709527113,52.0,59.5,0.0,95.0,9.23,95.0,0.1,242.67286,1.4,1.4,0.888,17.6
2347,Slovenia,Developed,Europe,2013.0,85.0,78.0,0.0,9.53,91.86929316924568,1.0,58.9,0.0,95.0,9.29,95.0,0.1,2315.31799,1.4,1.4,0.878,16.8
2348,Slovenia,Developed,Europe,2012.0,82.0,81.0,0.0,10.95,88.84563438113514,2.0,58.2,0.0,96.0,9.37,96.0,0.1,22486.47167,1.5,1.5,0.877,16.8
2349,Slovenia,Developed,Europe,2011.0,79.8,84.0,0.0,10.61,88.7889233471501,22.0,57.6,0.0,96.0,9.8,96.0,0.1,24985.24827,1.6,1.6,0.876,17.0
2350,Slovenia,Developed,Europe,2010.0,79.5,87.0,0.0,10.32,88.45013357048299,2.0,57.0,0.0,96.0,9.7,96.0,0.1,23437.4722,1.6,1.6,0.872,16.9
2351,Slovenia,Developed,Europe,2009.0,79.1,9.0,0.0,10.52,87.4298719507467,0.0,56.4,0.0,96.0,9.38,96.0,0.1,24633.79785,1.7,1.7,0.873,16.9
2352,Slovenia,Developed,Europe,2008.0,78.9,96.0,0.0,10.94,90.9632362992237,0.0,55.8,0.0,97.0,8.47,97.0,0.1,2751.8127,1.7,1.7,0.869,16.9
2353,Slovenia,Developed,Europe,2007.0,78.3,12.0,0.0,11.02,87.67264551229505,0.0,55.2,0.0,97.0,7.98,97.0,0.1,23841.31792,1.8,1.8,0.865,16.8
2354,Slovenia,Developed,Europe,2006.0,78.1,17.0,0.0,12.26,87.64975774684319,0.0,54.7,0.0,97.0,8.42,97.0,0.1,19726.1265,1.8,1.9,0.858,16.7
2355,Slovenia,Developed,Europe,2005.0,77.5,14.0,0.0,11.14,85.96028596608016,0.0,54.1,0.0,95.0,8.5,95.0,0.1,18169.1891,1.9,2.0,0.853,16.3
2356,Slovenia,Developed,Europe,2004.0,77.2,113.0,0.0,10.0,87.2089933757087,0.0,53.5,0.0,94.0,8.47,94.0,0.1,1726.9151,2.0,2.0,0.85,16.6
2357,Slovenia,Developed,Europe,2003.0,76.5,119.0,0.0,11.58,87.41175497672839,0.0,52.9,0.0,95.0,8.77,95.0,0.1,1488.47154,2.0,2.1,0.843,16.1
2358,Slovenia,Developed,Europe,2002.0,76.6,117.0,0.0,9.29,84.21997903681222,0.0,52.3,0.0,93.0,8.62,93.0,0.1,11814.9994,2.1,2.2,0.835,15.6
2359,Slovenia,Developed,Europe,2001.0,76.2,124.0,0.0,10.8,84.44053144101667,0.0,51.8,0.0,93.0,8.57,92.0,0.1,1479.29634,2.2,2.2,0.824,14.7
2360,Slovenia,Developed,Europe,2000.0,76.0,122.0,0.0,11.9,83.35284381270287,0.0,51.2,0.0,93.0,8.26,91.0,0.1,1227.73677,2.2,2.3,0.818,14.6
2425,Spain,Developed,Europe,2015.0,82.8,56.0,1.0,6.681339642491764,97.0,115.0,66.6,1.0,97.0,5.295585795381456,97.0,0.1,25683.84565,0.6,0.5,0.882,17.7
2426,Spain,Developed,Europe,2014.0,82.6,58.0,1.0,0.01,96.0,154.0,66.0,1.0,97.0,9.3,97.0,0.1,296.47225,0.6,0.5,0.877,17.6
2427,Spain,Developed,Europe,2013.0,82.4,6.0,1.0,9.25,95.0,131.0,65.4,2.0,96.0,9.1,96.0,0.1,2921.9342,0.6,0.5,0.874,17.5
2428,Spain,Developed,Europe,2012.0,82.0,61.0,1.0,9.35,96.0,1204.0,64.8,2.0,97.0,9.39,97.0,0.1,28562.29324,0.6,0.5,0.871,17.2
2429,Spain,Developed,Europe,2011.0,82.1,63.0,1.0,9.62,97.0,3802.0,64.1,2.0,97.0,9.48,97.0,0.1,31834.21816,0.6,0.5,0.867,16.9
2430,Spain,Developed,Europe,2010.0,81.9,64.0,1.0,9.78,97.0,302.0,63.5,2.0,97.0,9.56,97.0,0.1,3736.228,0.6,0.5,0.86,16.4
2431,Spain,Developed,Europe,2009.0,81.6,66.0,2.0,9.99,96.0,41.0,62.9,2.0,96.0,9.52,96.0,0.1,32333.4661,0.6,0.5,0.858,16.3
2432,Spain,Developed,Europe,2008.0,81.3,7.0,2.0,10.24,97.0,297.0,62.3,2.0,97.0,8.8,97.0,0.1,35578.73619,0.6,0.5,0.854,16.1
2433,Spain,Developed,Europe,2007.0,89.0,72.0,2.0,11.05,96.0,267.0,61.7,2.0,96.0,8.36,96.0,0.1,3279.414,0.6,0.5,0.849,16.0
2434,Spain,Developed,Europe,2006.0,88.0,73.0,2.0,11.86,97.0,362.0,61.1,2.0,98.0,8.23,98.0,0.1,28482.6948,0.6,0.5,0.844,15.9
2435,Spain,Developed,Europe,2005.0,81.0,77.0,2.0,11.92,96.0,22.0,6.5,2.0,96.0,8.12,96.0,0.1,2651.71745,0.6,0.5,0.837,15.8
2436,Spain,Developed,Europe,2004.0,81.0,79.0,2.0,11.96,97.0,26.0,59.9,2.0,97.0,8.5,97.0,0.1,24918.64584,0.6,0.5,0.833,15.6
2437,Spain,Developed,Europe,2003.0,79.4,83.0,2.0,12.09,81.0,256.0,59.3,2.0,99.0,7.99,98.0,0.1,21495.7741,0.6,0.5,0.83,15.6
2438,Spain,Developed,Europe,2002.0,79.5,83.0,2.0,12.26,82.0,67.0,58.8,2.0,98.0,7.25,98.0,0.1,1719.53541,0.6,0.5,0.828,15.7
2439,Spain,Developed,Europe,2001.0,79.4,84.0,2.0,9.86,83.0,0.0,58.2,2.0,95.0,7.24,96.0,0.1,15323.6114,0.6,0.5,0.825,15.7
2440,Spain,Developed,Europe,2000.0,79.1,86.0,2.0,11.12,77.0,152.0,57.6,2.0,95.0,7.21,95.0,0.1,14676.769,0.6,0.5,0.82,15.7
2505,Sweden,Developed,Europe,2015.0,82.4,53.0,0.0,6.175111414947423,67.0,22.0,59.5,0.0,98.0,6.879392482581366,98.0,0.1,5585.25847,1.5,1.4,0.909,15.9
2506,Sweden,Developed,Europe,2014.0,82.3,54.0,0.0,7.3,67.0,26.0,59.0,0.0,98.0,11.93,98.0,0.1,5918.19898,1.5,1.3,0.906,15.8
2507,Sweden,Developed,Europe,2013.0,81.9,57.0,0.0,7.3,67.0,51.0,58.5,0.0,98.0,11.97,98.0,0.1,6283.24522,1.4,1.3,0.904,15.8
2508,Sweden,Developed,Europe,2012.0,81.7,57.0,0.0,7.4,53.0,30.0,58.1,0.0,98.0,11.8,98.0,0.1,57134.777,1.4,1.3,0.903,15.8
2509,Sweden,Developed,Europe,2011.0,81.7,58.0,0.0,7.4,42.0,26.0,57.7,0.0,98.0,11.7,98.0,0.1,59593.28711,1.4,1.3,0.901,16.0
2510,Sweden,Developed,Europe,2010.0,81.5,58.0,0.0,7.2,92.18198907530359,6.0,57.3,0.0,98.0,9.47,98.0,0.1,5276.25591,1.3,1.3,0.895,15.8
2511,Sweden,Developed,Europe,2009.0,81.4,62.0,0.0,7.3,91.87665697658656,3.0,56.9,0.0,98.0,9.94,98.0,0.1,4627.592,1.3,1.3,0.898,15.8
2512,Sweden,Developed,Europe,2008.0,81.1,62.0,0.0,6.9,83.68192020012555,25.0,56.5,0.0,98.0,9.23,98.0,0.1,55746.84238,1.3,1.3,0.897,15.7
2513,Sweden,Developed,Europe,2007.0,89.0,63.0,0.0,6.9,84.11838724881034,1.0,56.1,0.0,98.0,8.92,98.0,0.1,53324.37937,1.3,1.3,0.895,15.8
2514,Sweden,Developed,Europe,2006.0,88.0,64.0,0.0,6.5,85.25569658482152,19.0,55.7,0.0,98.0,8.95,98.0,0.1,46256.4716,1.3,1.3,0.892,15.9
2515,Sweden,Developed,Europe,2005.0,85.0,66.0,0.0,6.5,90.5119070373164,13.0,55.3,0.0,98.0,9.6,98.0,0.1,4385.35315,1.3,1.3,0.89,16.0
2516,Sweden,Developed,Europe,2004.0,83.0,7.0,0.0,6.6,85.65889050568182,5.0,54.9,0.0,99.0,9.9,99.0,0.1,42442.2245,1.3,1.3,0.888,16.0
2517,Sweden,Developed,Europe,2003.0,82.0,69.0,0.0,6.9,85.90592562776749,3.0,54.4,0.0,99.0,9.31,99.0,0.1,36961.42537,1.3,1.3,0.882,15.9
2518,Sweden,Developed,Europe,2002.0,79.9,71.0,0.0,6.9,86.58151982776019,9.0,53.9,0.0,99.0,9.23,99.0,0.1,29571.7446,1.3,1.3,0.88,15.9
2519,Sweden,Developed,Europe,2001.0,79.8,73.0,0.0,6.6,86.80901339821855,5.0,53.4,0.0,99.0,8.86,99.0,0.1,26969.24457,1.3,1.3,0.877,15.9
2520,Sweden,Developed,Europe,2000.0,79.6,73.0,0.0,6.2,86.48814826768887,59.0,52.8,0.0,99.0,8.18,99.0,0.1,29283.55,1.4,1.3,0.873,15.9
2521,Switzerland,Developed,Europe,2015.0,83.4,49.0,0.0,6.323930645573114,95.63606725070667,35.0,57.4,0.0,97.0,6.684515376320633,97.0,0.1,8989.8424,0.4,0.3,0.938,16.0
2522,Switzerland,Developed,Europe,2014.0,83.2,51.0,0.0,9.61,64.2021906167206,23.0,57.0,0.0,96.0,11.66,96.0,0.1,85814.58857,0.4,0.3,0.936,15.9
2523,Switzerland,Developed,Europe,2013.0,83.0,52.0,0.0,9.73,64.5006839518694,175.0,56.6,0.0,96.0,11.71,96.0,0.1,84658.88768,0.4,0.3,0.934,15.8
2524,Switzerland,Developed,Europe,2012.0,82.7,54.0,0.0,9.86,65.32226512877958,61.0,56.2,0.0,96.0,11.59,96.0,0.1,83164.38795,0.5,0.3,0.932,15.7
2525,Switzerland,Developed,Europe,2011.0,82.6,55.0,0.0,9.99,64.68496915975959,621.0,55.8,0.0,96.0,11.21,96.0,0.1,87998.44468,0.5,0.3,0.932,15.6
2526,Switzerland,Developed,Europe,2010.0,82.3,57.0,0.0,10.01,98.47036819744073,77.0,55.4,0.0,96.0,11.7,95.0,0.1,74276.71842,0.5,0.4,0.92,15.4
2527,Switzerland,Developed,Europe,2009.0,82.1,6.0,0.0,10.15,69.17246483258498,958.0,55.0,0.0,96.0,11.0,95.0,0.1,69672.471,0.5,0.4,0.916,15.3
2528,Switzerland,Developed,Europe,2008.0,82.0,6.0,0.0,10.29,96.81013354169659,2022.0,54.6,0.0,96.0,1.29,95.0,0.1,72119.5687,0.5,0.4,0.914,15.3
2529,Switzerland,Developed,Europe,2007.0,81.7,63.0,0.0,10.44,72.10817350317973,1015.0,54.1,0.0,94.0,1.21,94.0,0.1,63223.46778,0.5,0.4,0.911,15.3
2530,Switzerland,Developed,Europe,2006.0,81.5,65.0,0.0,10.24,73.62137301417727,0.0,53.7,0.0,94.0,1.39,94.0,0.1,57348.92788,0.6,0.4,0.904,15.2
2531,Switzerland,Developed,Europe,2005.0,81.1,66.0,0.0,10.15,73.9894671856191,60.0,53.2,0.0,94.0,1.86,94.0,0.1,54797.54663,0.6,0.4,0.899,15.2
2532,Switzerland,Developed,Europe,2004.0,81.0,69.0,0.0,10.55,74.16961261216795,39.0,52.8,0.0,95.0,1.96,93.0,0.1,53255.97631,0.6,0.4,0.895,15.1
2533,Switzerland,Developed,Europe,2003.0,85.0,72.0,0.0,10.82,84.76424583044525,574.0,52.3,0.0,95.0,1.93,93.0,0.1,4796.56497,0.6,0.5,0.889,15.0
2534,Switzerland,Developed,Europe,2002.0,84.0,74.0,0.0,10.85,77.14585483357314,0.0,51.8,0.0,95.0,1.61,93.0,0.1,41336.72192,0.6,0.5,0.89,15.2
2535,Switzerland,Developed,Europe,2001.0,82.0,75.0,0.0,11.12,77.02354791455684,700.0,51.3,0.0,95.0,1.28,93.0,0.1,38538.64447,0.7,0.5,0.888,15.2
2536,Switzerland,Developed,Europe,2000.0,79.7,78.0,0.0,11.26,77.17418269601228,0.0,5.8,0.0,95.0,9.91,93.0,0.1,37813.23426,0.7,0.5,0.879,15.1
2762,United Kingdom,Developed,Europe,2015.0,81.2,69.0,3.0,10.66,94.27614047613577,91.0,66.6,4.0,96.0,7.4818983538425385,96.0,0.1,5554.5232319609495,0.8,0.6,0.9126199199608624,16.928511153858153
2763,United Kingdom,Developed,Europe,2014.0,81.0,71.0,3.0,10.37,92.96181491881964,133.0,66.0,4.0,95.0,9.12,95.0,0.1,4503.987587605603,0.8,0.5,0.888217119426999,16.69155944708541
2764,United Kingdom,Developed,Europe,2013.0,87.0,72.0,3.0,10.32,92.7236820893421,1919.0,65.4,4.0,95.0,9.34,95.0,0.1,5111.763492557278,0.8,0.5,0.9565601657278968,17.87477316293578
2765,United Kingdom,Developed,Europe,2012.0,86.0,72.0,3.0,10.42,92.18935849966567,2092.0,64.8,4.0,95.0,9.41,95.0,0.1,4725.141951416386,0.8,0.5,0.9365424019393149,17.590129167127486
2766,United Kingdom,Developed,Europe,2011.0,86.0,74.0,3.0,10.68,91.73808309205288,1112.0,64.2,4.0,95.0,9.34,95.0,0.1,4552.594898914627,0.8,0.5,0.9321986944162663,17.55002991867437
2767,United Kingdom,Developed,Europe,2010.0,82.0,77.0,3.0,10.88,90.29666480631522,443.0,63.6,4.0,94.0,9.51,94.0,0.1,3634.2099435754353,0.8,0.5,0.8731398798826486,16.636436357901616
2768,United Kingdom,Developed,Europe,2009.0,81.0,78.0,4.0,10.79,88.93150603228924,1212.0,63.1,4.0,93.0,9.81,93.0,0.1,3088.6960990268853,0.8,0.5,0.850047700272567,16.308348810597778
2769,United Kingdom,Developed,Europe,2008.0,79.6,8.0,4.0,11.47,87.55240530106062,1445.0,62.5,4.0,92.0,8.85,92.0,0.1,3243.3664353063214,0.8,0.5,0.8387198102513302,16.049458901184494
2770,United Kingdom,Developed,Europe,2007.0,79.5,8.0,4.0,11.84,87.0683194432977,1022.0,61.9,4.0,92.0,8.42,92.0,0.1,3229.7990529583767,0.7,0.5,0.8363586704623565,16.012269402154658
2771,United Kingdom,Developed,Europe,2006.0,79.3,82.0,4.0,11.61,86.66424345662176,764.0,61.3,4.0,92.0,8.36,92.0,0.1,2906.8402051392477,0.7,0.5,0.8214315857382193,15.822916267377423
2772,United Kingdom,Developed,Europe,2005.0,79.0,82.0,4.0,12.05,83.68914091133627,79.0,6.7,4.0,91.0,8.24,91.0,0.1,1230.2487836530781,0.7,0.5,0.7599895985531333,14.777851803224635
2773,United Kingdom,Developed,Europe,2004.0,78.8,83.0,4.0,12.22,83.98375986287112,189.0,6.1,4.0,92.0,7.98,92.0,0.1,1141.6792081533931,0.7,0.5,0.7534162631009558,14.684398310992336
2774,United Kingdom,Developed,Europe,2003.0,78.3,86.0,4.0,11.85,84.44508465988224,460.0,59.5,4.0,91.0,7.81,91.0,0.1,2409.9185330392793,0.7,0.5,0.7909355513137957,15.36946106161669
2775,United Kingdom,Developed,Europe,2002.0,78.2,87.0,4.0,11.44,84.00956328096606,314.0,58.8,4.0,91.0,7.57,91.0,0.1,2330.714787152945,0.7,0.5,0.7796022558705484,15.166404806514564
2776,United Kingdom,Developed,Europe,2001.0,78.0,88.0,4.0,10.91,83.58425664432627,73.0,58.2,4.0,91.0,7.31,91.0,0.1,2253.7786215596134,0.7,0.5,0.766083901014607,14.918480965134734
2777,United Kingdom,Developed,Europe,2000.0,77.8,89.0,4.0,10.59,83.14637701833897,104.0,57.5,5.0,91.0,6.94,91.0,0.1,2245.991872667044,0.7,0.5,0.7545427294542808,14.711722331110735
2794,United States,Developed,North America,2015.0,79.3,13.0,23.0,5.355327092459561,92.0,188.0,69.6,26.0,93.0,6.933661315030449,95.0,0.1,5704.664235288103,0.8,0.6,0.842296742380622,15.26758986088089
2795,United States,Developed,North America,2014.0,79.1,14.0,23.0,8.82,92.0,667.0,69.1,27.0,93.0,17.14,95.0,0.1,331.9793232450029,0.8,0.6,0.8109531641971515,16.06135174792753
2796,United States,Developed,North America,2013.0,78.9,16.0,23.0,8.82,91.0,187.0,68.6,27.0,93.0,16.9,94.0,0.1,222.16088613669854,0.7,0.6,0.8023700095044592,15.925410762995995
2797,United States,Developed,North America,2012.0,78.8,16.0,24.0,8.82,9.0,55.0,68.0,28.0,93.0,17.2,94.0,0.1,-1515.0229705321253,0.7,0.6,0.79766802028435,15.657992717532494
2798,United States,Developed,North America,2011.0,78.7,16.0,25.0,8.67,91.0,220.0,67.5,29.0,94.0,17.6,96.0,0.1,-545.8014603877091,0.7,0.6,0.7807443272004804,15.682997844102218
2799,United States,Developed,North America,2010.0,78.7,15.0,25.0,8.55,92.0,63.0,66.9,30.0,93.0,17.2,95.0,0.1,-488.6030604013358,0.7,0.6,0.7734767222087768,15.558676781871142
2800,United States,Developed,North America,2009.0,78.5,18.0,26.0,8.71,92.0,71.0,66.3,31.0,93.0,17.0,95.0,0.1,-627.6705949845491,0.7,0.6,0.7661212714426178,15.456029194023486
2801,United States,Developed,North America,2008.0,78.2,18.0,27.0,8.74,94.0,140.0,65.7,31.0,94.0,16.2,96.0,0.1,-462.3294685484725,0.7,0.6,0.7606612602783276,15.31168615006581
2802,United States,Developed,North America,2007.0,78.1,11.0,27.0,8.74,93.0,43.0,65.1,32.0,93.0,15.57,96.0,0.1,-342.1113689985941,0.7,0.6,0.7553125847005386,15.188308393190354
2803,United States,Developed,North America,2006.0,77.8,113.0,28.0,8.63,93.0,55.0,64.4,33.0,93.0,15.27,96.0,0.1,-622.8852054301533,0.7,0.6,0.7404040556877121,14.998083444875277
2804,United States,Developed,North America,2005.0,77.5,112.0,28.0,8.52,93.0,66.0,63.8,33.0,92.0,15.15,96.0,0.1,-802.3177497921861,0.7,0.6,0.7285404647152021,14.81457845080196
2805,United States,Developed,North America,2004.0,77.5,111.0,28.0,8.48,92.0,37.0,63.1,33.0,92.0,15.14,96.0,0.1,-1000.6125852472032,0.7,0.6,0.7207378366056325,14.711018461389443
2806,United States,Developed,North America,2003.0,77.2,114.0,28.0,8.4,92.0,56.0,62.4,33.0,91.0,15.6,96.0,0.1,-1479.3063885206357,0.7,0.6,0.705524493595922,14.535678564733033
2807,United States,Developed,North America,2002.0,77.0,115.0,28.0,8.33,88.0,41.0,61.7,33.0,9.0,14.55,94.0,0.1,-2229.46793559473,0.8,0.6,0.6879439687761089,14.016141255276025
2808,United States,Developed,North America,2001.0,76.9,115.0,28.0,8.25,89.0,116.0,6.9,33.0,89.0,13.73,94.0,0.1,-2462.784537414089,0.8,0.6,0.6396626566908061,13.250797973284534
2809,United States,Developed,North America,2000.0,76.8,114.0,28.0,8.21,9.0,85.0,6.1,33.0,9.0,13.7,94.0,0.1,-4981.412518493482,0.8,0.7,0.6243947755955102,12.63768965061685
