,index,country,year,status,life_expectancy,adult_mortality,infant_deaths,alcohol,percentage_expenditure,hepatitis_b,measles,bmi,under-five_deaths,polio,total_expenditure,diphtheria,hiv/aids,gdp,population,thinness__1-19_years,thinness_5-9_years,income_composition_of_resources,schooling
112,112,Australia,2015,Developed,82.8,59.0,1,,0.0,93.0,74,66.6,1,93.0,,93.0,0.1,56554.3876,23789338.0,0.6,0.6,0.937,20.4
113,113,Australia,2014,Developed,82.7,6.0,1,9.71,10769.36305,91.0,340,66.1,1,92.0,9.42,92.0,0.1,62214.6912,2346694.0,0.6,0.6,0.936,20.4
114,114,Australia,2013,Developed,82.5,61.0,1,9.87,11734.85381,91.0,158,65.5,1,91.0,9.36,91.0,0.1,67792.3386,23117353.0,0.6,0.6,0.933,20.3
115,115,Australia,2012,Developed,82.3,61.0,1,10.03,11714.99858,91.0,199,65.0,1,92.0,9.36,92.0,0.1,67677.63477,22728254.0,0.6,0.6,0.93,20.1
116,116,Australia,2011,Developed,82.0,63.0,1,10.3,10986.26527,92.0,190,64.4,1,92.0,9.2,92.0,0.1,62245.129,223424.0,0.6,0.6,0.927,19.8
117,117,Australia,2010,Developed,81.9,64.0,1,10.52,8875.786493,92.0,70,63.9,1,92.0,9.2,92.0,0.1,51874.848,223175.0,0.7,0.6,0.927,19.5
118,118,Australia,2009,Developed,81.7,66.0,1,10.62,7172.275229,94.0,104,63.4,1,92.0,9.5,92.0,0.1,42742.99898,216917.0,0.7,0.6,0.925,19.1
119,119,Australia,2008,Developed,81.3,66.0,1,10.76,8547.292357,94.0,65,62.9,1,92.0,8.78,92.0,0.1,49664.6854,212492.0,0.7,0.6,0.921,19.1
120,120,Australia,2007,Developed,81.3,66.0,1,10.56,872.5986092,94.0,11,62.5,2,92.0,8.53,92.0,0.1,4991.98289,28276.0,0.7,0.6,0.918,19.0
121,121,Australia,2006,Developed,81.2,66.0,1,10.31,6187.062017,95.0,0,62.0,2,92.0,8.49,92.0,0.1,36118.28381,26979.0,0.7,0.6,0.915,20.3
122,122,Australia,2005,Developed,81.0,67.0,1,10.3,579.1331637,95.0,10,61.5,2,92.0,8.45,92.0,0.1,3416.71483,23948.0,0.7,0.6,0.91,20.3
123,123,Australia,2004,Developed,86.0,69.0,1,9.84,588.568371,95.0,70,6.9,1,92.0,8.57,92.0,0.1,3472.37977,21274.0,0.7,0.6,0.908,20.7
124,124,Australia,2003,Developed,83.0,71.0,1,9.97,3829.550928,95.0,91,6.3,1,92.0,8.32,93.0,0.1,23465.38559,198954.0,0.7,0.7,0.905,20.6
125,125,Australia,2002,Developed,79.9,73.0,1,9.84,46.3871819,95.0,32,59.6,2,92.0,8.39,92.0,0.1,281.81763,196514.0,0.7,0.7,0.902,20.1
126,126,Australia,2001,Developed,79.9,75.0,1,9.53,3064.301144,94.0,141,59.0,2,91.0,8.18,92.0,0.1,19517.84168,19413.0,0.7,0.7,0.899,20.5
127,127,Australia,2000,Developed,79.5,78.0,1,10.17,347.18736,,108,58.2,2,9.0,8.8,9.0,0.1,2169.921,19153.0,0.7,0.7,0.897,20.4
128,128,Austria,2015,Developed,81.5,65.0,0,,0.0,93.0,309,57.6,0,93.0,,93.0,0.1,43665.947,8633169.0,1.9,2.1,0.892,15.9
129,129,Austria,2014,Developed,81.4,66.0,0,12.32,8350.193523,98.0,117,57.1,0,98.0,11.21,98.0,0.1,51322.63997,8541575.0,1.8,2.0,0.892,15.9
130,130,Austria,2013,Developed,81.1,68.0,0,11.82,90.58501176,95.0,0,56.6,0,95.0,11.14,95.0,0.1,554.71532,8479375.0,1.8,2.0,0.887,15.7
131,131,Austria,2012,Developed,88.0,7.0,0,12.26,7878.372355,92.0,36,56.1,0,92.0,11.17,92.0,0.1,48333.57273,8429991.0,1.8,2.0,0.884,15.7
132,132,Austria,2011,Developed,88.0,73.0,0,12.04,8272.306757,89.0,68,55.7,0,89.0,1.94,89.0,0.1,51126.74139,8391643.0,1.7,2.0,0.88,15.7
133,133,Austria,2010,Developed,84.0,75.0,0,12.1,7423.228774,86.0,52,55.2,0,86.0,11.17,86.0,0.1,46657.629,836344.0,1.7,1.9,0.872,15.4
134,134,Austria,2009,Developed,82.0,77.0,0,11.3,8053.557638,83.0,49,54.7,0,83.0,11.19,83.0,0.1,47654.18721,8343323.0,1.7,1.9,0.87,15.3
135,135,Austria,2008,Developed,84.0,76.0,0,12.0,8329.731655,83.0,448,54.2,0,83.0,1.6,83.0,0.1,51386.37665,8321496.0,1.7,1.9,0.864,15.1
136,136,Austria,2007,Developed,81.0,8.0,0,12.5,7453.8644,85.0,20,53.7,0,85.0,1.4,85.0,0.1,46586.6525,8295487.0,1.7,1.9,0.86,15.2
137,137,Austria,2006,Developed,79.8,81.0,0,12.4,69.92899358,83.0,23,53.2,0,83.0,1.35,83.0,0.1,443.99361,8268641.0,1.7,1.9,0.854,15.0
138,138,Austria,2005,Developed,79.4,85.0,0,12.4,5992.588029,86.0,9,52.7,0,86.0,1.53,86.0,0.1,38242.4252,8227829.0,1.7,1.9,0.848,14.9
139,139,Austria,2004,Developed,79.3,86.0,0,12.1,5316.877456,83.0,15,52.2,0,83.0,1.56,83.0,0.1,36693.4262,8171966.0,1.7,1.9,0.841,14.7
140,140,Austria,2003,Developed,78.8,88.0,0,12.2,504.4308735,83.0,90,51.7,0,84.0,1.48,84.0,0.1,3212.9355,8121423.0,1.7,1.9,0.837,14.7
141,141,Austria,2002,Developed,78.7,9.0,0,12.5,3979.057728,81.0,0,51.2,0,82.0,1.27,83.0,0.1,26351.37568,881957.0,1.7,1.9,0.847,16.1
142,142,Austria,2001,Developed,78.6,92.0,0,12.4,3582.848308,44.0,0,5.6,0,83.0,1.12,84.0,0.1,24489.73553,842293.0,1.7,1.9,0.837,15.5
143,143,Austria,2000,Developed,78.1,96.0,0,13.2,3557.455507,33.0,0,5.1,0,71.0,1.6,81.0,0.1,24517.26745,811566.0,1.7,1.9,0.833,15.4
240,240,Belgium,2015,Developed,81.1,74.0,0,,0.0,98.0,47,63.7,1,99.0,,99.0,0.1,4356.875,11274196.0,1.0,1.0,0.895,16.6
241,241,Belgium,2014,Developed,89.0,76.0,0,12.6,7163.348923,98.0,70,63.4,1,99.0,1.59,99.0,0.1,47439.39684,112957.0,1.0,1.0,0.89,16.3
242,242,Belgium,2013,Developed,87.0,77.0,0,11.77,702.359357,98.0,39,63.0,1,99.0,1.57,99.0,0.1,4651.38647,11182817.0,1.0,0.9,0.889,16.3
243,243,Belgium,2012,Developed,83.0,78.0,0,10.08,664.4738975,98.0,109,62.6,1,99.0,1.54,99.0,0.1,4474.5717,11128246.0,0.9,0.9,0.886,16.2
244,244,Belgium,2011,Developed,83.0,8.0,0,10.11,713.5297354,97.0,576,62.3,1,98.0,1.42,98.0,0.1,4772.77415,1147744.0,0.9,0.9,0.884,16.1
245,245,Belgium,2010,Developed,80.0,81.0,0,10.22,665.7356115,97.0,40,61.9,1,98.0,1.17,98.0,0.1,4438.23741,1895586.0,0.9,0.9,0.878,15.9
246,246,Belgium,2009,Developed,79.8,85.0,0,10.05,671.9376566,97.0,33,61.6,1,98.0,1.39,98.0,0.1,4488.5615,1796493.0,0.9,0.9,0.876,15.8
247,247,Belgium,2008,Developed,79.5,87.0,0,10.47,7191.051507,98.0,98,61.3,1,99.0,9.6,99.0,0.1,48424.58927,179973.0,0.8,0.8,0.874,15.8
248,248,Belgium,2007,Developed,79.5,86.0,0,10.25,640.3560918,94.0,64,6.9,1,99.0,9.25,98.0,0.1,4443.83131,16257.0,0.8,0.8,0.871,15.8
249,249,Belgium,2006,Developed,79.4,85.0,0,10.98,5579.199083,94.0,15,6.6,1,99.0,9.17,98.0,0.1,38852.3613,1547958.0,0.8,0.8,0.865,15.7
250,250,Belgium,2005,Developed,78.9,89.0,0,12.27,5068.214488,77.0,26,6.2,1,97.0,9.24,97.0,0.1,36967.28292,1478617.0,0.8,0.8,0.861,15.7
251,251,Belgium,2004,Developed,78.8,91.0,1,12.05,5160.508378,64.0,61,59.8,1,96.0,9.32,95.0,0.1,35589.71295,1421137.0,0.8,0.8,0.88,18.8
252,252,Belgium,2003,Developed,78.3,95.0,0,11.28,507.306164,64.0,44,59.4,1,96.0,9.3,95.0,0.1,3743.95693,1376133.0,0.8,0.8,0.878,18.6
253,253,Belgium,2002,Developed,78.0,99.0,1,11.29,320.3177664,6.0,0,59.0,1,96.0,8.46,95.0,0.1,2552.3328,1332785.0,0.8,0.8,0.875,18.8
254,254,Belgium,2001,Developed,78.0,1.0,1,11.01,2943.375396,6.0,83,58.5,1,96.0,8.29,95.0,0.1,23121.56635,128657.0,0.8,0.8,0.873,18.2
255,255,Belgium,2000,Developed,77.6,11.0,1,11.21,287.2084529,6.0,0,58.1,1,96.0,8.12,95.0,0.1,2327.4591,125125.0,0.8,0.8,0.869,18.0
384,384,Bulgaria,2015,Developed,74.5,137.0,0,,0.0,92.0,0,65.7,1,91.0,,91.0,0.1,6993.47736,7177991.0,1.9,1.8,0.792,15.0
385,385,Bulgaria,2014,Developed,74.3,138.0,1,12.03,153.1400362,95.0,0,65.1,1,88.0,8.44,88.0,0.1,7853.335191,7223938.0,1.9,1.9,0.787,14.8
386,386,Bulgaria,2013,Developed,74.1,14.0,1,12.06,149.659879,95.0,14,64.5,1,95.0,7.93,95.0,0.1,7674.86559,7265115.0,1.9,1.9,0.781,14.4
387,387,Bulgaria,2012,Developed,73.9,139.0,1,10.99,851.450672,95.0,1,63.9,1,95.0,7.11,95.0,0.1,7378.25539,735888.0,1.9,1.9,0.778,14.3
388,388,Bulgaria,2011,Developed,73.7,144.0,1,10.67,875.1495189,96.0,157,63.3,1,95.0,6.88,95.0,0.1,7813.83499,7348328.0,2.0,2.0,0.775,14.2
389,389,Bulgaria,2010,Developed,73.4,147.0,1,10.8,766.4454884,95.0,22004,62.7,1,94.0,7.24,94.0,0.1,6843.263289,7395599.0,2.0,2.0,0.77,13.9
390,390,Bulgaria,2009,Developed,73.2,152.0,1,10.93,661.5144334,96.0,2249,62.1,1,94.0,6.78,94.0,0.1,6955.987733,7444443.0,2.0,2.1,0.768,13.8
391,391,Bulgaria,2008,Developed,72.9,155.0,1,10.98,107.9826127,96.0,1,61.5,1,96.0,6.61,95.0,0.1,7296.122479,7492561.0,2.1,2.1,0.761,13.8
392,392,Bulgaria,2007,Developed,72.6,157.0,1,10.89,591.5100978,95.0,1,6.9,1,95.0,6.41,95.0,0.1,5932.899677,7545338.0,2.1,2.2,0.755,13.5
393,393,Bulgaria,2006,Developed,72.2,161.0,1,10.39,508.6304588,96.0,1,6.3,1,96.0,6.67,95.0,0.1,4513.13628,76122.0,2.2,2.2,0.75,13.5
394,394,Bulgaria,2005,Developed,72.1,16.0,1,10.48,456.3404657,96.0,3,59.7,1,97.0,7.8,96.0,0.1,3893.68998,7658972.0,2.2,2.3,0.745,13.5
395,395,Bulgaria,2004,Developed,72.2,157.0,1,10.96,384.1473028,94.0,0,59.1,1,94.0,7.9,95.0,0.1,3381.57837,771686.0,2.3,2.3,0.738,13.3
396,396,Bulgaria,2003,Developed,72.0,155.0,1,11.19,32.38616103,96.0,0,58.6,1,96.0,7.43,96.0,0.1,271.46824,7775327.0,2.3,2.4,0.729,12.9
397,397,Bulgaria,2002,Developed,71.8,157.0,1,10.2,33.26778134,88.0,0,58.1,1,94.0,7.41,93.0,0.1,287.534843,7837161.0,2.4,2.4,0.723,12.9
398,398,Bulgaria,2001,Developed,71.6,16.0,1,10.72,25.06262895,93.0,8,57.5,1,94.0,7.23,94.0,0.1,1764.97387,89142.0,2.4,2.5,0.713,12.9
399,399,Bulgaria,2000,Developed,71.1,163.0,1,9.69,15.2357274,94.0,46,57.0,1,94.0,6.7,93.0,0.1,169.28586,817172.0,2.5,2.5,0.709,12.9
641,641,Croatia,2015,Developed,78.0,95.0,0,,0.0,94.0,206,63.7,0,94.0,,94.0,0.1,11579.6674,42364.0,1.5,1.4,0.823,15.3
642,642,Croatia,2014,Developed,77.8,97.0,0,12.14,1884.098811,95.0,0,63.1,0,95.0,7.8,95.0,0.1,13467.46827,4238389.0,1.5,1.5,0.82,15.1
643,643,Croatia,2013,Developed,77.7,97.0,0,12.39,1899.107385,96.0,0,62.5,0,96.0,7.83,96.0,0.1,13574.749,4255689.0,1.5,1.5,0.817,14.9
644,644,Croatia,2012,Developed,77.1,14.0,0,11.49,1851.713262,98.0,2,61.9,0,96.0,7.8,96.0,0.1,13235.97757,4267558.0,1.5,1.5,0.815,14.6
645,645,Croatia,2011,Developed,77.0,14.0,0,12.19,1913.356642,97.0,12,61.3,0,96.0,7.8,96.0,0.1,14539.18421,428622.0,1.6,1.5,0.808,14.5
646,646,Croatia,2010,Developed,76.6,16.0,0,12.1,206.8868182,97.0,7,6.6,0,97.0,8.25,97.0,0.1,1355.74586,4417781.0,1.6,1.6,0.803,14.2
647,647,Croatia,2009,Developed,76.3,19.0,0,12.21,2160.380199,97.0,2,6.0,0,96.0,8.18,96.0,0.1,14157.14416,442978.0,1.7,1.6,0.803,14.2
648,648,Croatia,2008,Developed,76.0,116.0,0,12.06,2425.403891,97.0,51,59.4,0,96.0,7.7,96.0,0.1,15893.8656,443458.0,1.7,1.7,0.8,14.3
649,649,Croatia,2007,Developed,75.8,114.0,0,12.56,2019.812779,95.0,0,58.7,0,96.0,7.44,96.0,0.1,13546.69872,4436.0,1.8,1.7,0.793,14.3
650,650,Croatia,2006,Developed,75.9,113.0,0,11.83,1555.651986,,1,58.1,0,96.0,6.95,96.0,0.1,11363.41845,444.0,1.8,1.8,0.783,13.9
651,651,Croatia,2005,Developed,75.2,116.0,0,11.59,167.2319899,,2,57.5,0,96.0,6.89,96.0,0.1,1224.2459,4442.0,1.8,1.8,0.777,13.6
652,652,Croatia,2004,Developed,75.4,114.0,0,13.11,1116.396502,,54,56.9,0,96.0,6.56,96.0,0.1,9365.742468,4439.0,1.9,1.9,0.771,13.3
653,653,Croatia,2003,Developed,74.7,122.0,0,13.78,93.67706503,,19,56.3,0,95.0,6.35,94.0,0.1,785.881418,444.0,1.9,1.9,0.765,12.9
654,654,Croatia,2002,Developed,74.8,124.0,0,13.39,11.63615139,,6,55.8,0,95.0,6.19,95.0,0.1,653.71637,444.0,2.0,2.0,0.759,12.6
655,655,Croatia,2001,Developed,74.9,126.0,0,13.15,650.9567981,,8,55.2,0,94.0,7.16,94.0,0.1,5245.421419,444.0,2.0,2.0,0.749,12.3
656,656,Croatia,2000,Developed,74.7,127.0,0,12.73,649.3909871,,9,54.7,0,94.0,7.66,93.0,0.1,4919.62869,4426.0,2.1,2.1,0.739,12.2
673,673,Cyprus,2015,Developed,85.0,52.0,0,,0.0,97.0,0,6.3,0,97.0,,97.0,0.1,2375.1127,116985.0,1.0,1.0,0.854,14.3
674,674,Cyprus,2014,Developed,83.0,53.0,0,0.01,207.3041936,96.0,10,59.8,0,99.0,7.37,99.0,0.1,2734.88382,115239.0,0.9,1.0,0.85,14.0
675,675,Cyprus,2013,Developed,81.0,54.0,0,9.04,212.0859259,96.0,0,59.2,0,99.0,7.46,99.0,0.1,2797.96736,1143896.0,0.9,1.0,0.85,13.8
676,676,Cyprus,2012,Developed,80.0,56.0,0,10.55,2159.756205,96.0,1,58.7,0,99.0,7.44,99.0,0.1,28951.15556,113562.0,0.9,1.0,0.85,13.8
677,677,Cyprus,2011,Developed,79.7,57.0,0,10.69,2443.325028,96.0,0,58.3,0,99.0,7.54,99.0,0.1,32233.83942,1124835.0,0.9,1.0,0.847,13.8
678,678,Cyprus,2010,Developed,79.5,59.0,0,11.32,283.3300258,96.0,18,57.8,0,99.0,7.23,99.0,0.1,3818.46396,111267.0,0.9,1.0,0.853,14.6
679,679,Cyprus,2009,Developed,79.3,6.0,0,10.8,230.2524184,96.0,0,57.3,0,99.0,7.4,99.0,0.1,3215.8159,19876.0,0.9,1.0,0.849,14.1
680,680,Cyprus,2008,Developed,79.1,62.0,0,12.01,239.6409938,93.0,1,56.8,0,97.0,6.89,97.0,0.1,3539.7488,181563.0,0.9,1.0,0.844,13.7
681,681,Cyprus,2007,Developed,78.9,63.0,0,11.56,1958.525877,93.0,0,56.3,0,97.0,6.5,97.0,0.1,31386.63265,163712.0,0.9,1.0,0.836,13.5
682,682,Cyprus,2006,Developed,78.8,64.0,0,11.47,1700.841534,93.0,0,55.8,0,97.0,6.28,97.0,0.1,27169.99256,14559.0,0.9,1.0,0.829,13.4
683,683,Cyprus,2005,Developed,78.7,65.0,0,11.41,1562.520827,88.0,1,55.3,0,98.0,6.37,98.0,0.1,25324.48666,127658.0,0.9,1.0,0.826,13.5
684,684,Cyprus,2004,Developed,78.6,65.0,0,13.03,1586.724172,88.0,0,54.8,0,98.0,6.42,98.0,0.1,23932.49128,1141.0,0.9,1.0,0.823,13.4
685,685,Cyprus,2003,Developed,78.5,66.0,0,10.62,158.7087399,88.0,0,54.3,0,98.0,6.83,98.0,0.1,2293.4789,993563.0,0.9,1.0,0.815,13.0
686,686,Cyprus,2002,Developed,78.4,68.0,0,11.68,1128.050886,88.0,0,53.8,0,98.0,6.12,98.0,0.1,16372.29152,976966.0,0.9,1.0,0.805,12.5
687,687,Cyprus,2001,Developed,78.2,69.0,0,10.16,100.8086193,89.0,0,53.3,0,97.0,5.78,97.0,0.1,1562.92433,96282.0,0.9,1.0,0.8,12.4
688,688,Cyprus,2000,Developed,78.1,7.0,0,9.56,950.8027925,89.0,0,52.8,0,97.0,5.77,97.0,0.1,14672.8826,943286.0,0.9,1.0,0.798,12.5
689,689,Czechia,2015,Developed,78.8,86.0,0,,0.0,97.0,9,66.1,0,97.0,,97.0,0.1,,,1.8,1.8,,
690,690,Czechia,2014,Developed,78.6,88.0,0,12.68,0.0,99.0,222,65.6,0,99.0,7.41,97.0,0.1,,,1.8,1.9,,
691,691,Czechia,2013,Developed,78.2,9.0,0,12.45,0.0,99.0,15,65.1,0,99.0,7.49,98.0,0.1,,,1.8,1.9,,
692,692,Czechia,2012,Developed,78.0,93.0,0,12.71,0.0,99.0,22,64.5,0,99.0,7.55,99.0,0.1,,,1.8,1.9,,
693,693,Czechia,2011,Developed,77.8,97.0,0,12.43,0.0,99.0,17,64.0,0,99.0,7.5,99.0,0.1,,,1.9,1.9,,
694,694,Czechia,2010,Developed,77.5,99.0,0,12.69,0.0,99.0,0,63.6,0,99.0,7.43,99.0,0.1,,,1.9,2.0,,
695,695,Czechia,2009,Developed,77.1,12.0,0,13.23,0.0,99.0,5,63.1,0,99.0,7.85,99.0,0.1,,,1.9,2.0,,
696,696,Czechia,2008,Developed,77.0,16.0,0,13.25,0.0,99.0,2,62.6,0,99.0,6.82,99.0,0.1,,,1.9,2.0,,
697,697,Czechia,2007,Developed,76.8,17.0,0,13.43,0.0,99.0,2,62.2,0,99.0,6.52,99.0,0.1,,,2.0,2.1,,
698,698,Czechia,2006,Developed,76.5,19.0,0,13.03,0.0,98.0,7,61.8,0,98.0,6.69,98.0,0.1,,,2.0,2.1,,
699,699,Czechia,2005,Developed,75.9,114.0,0,13.19,0.0,99.0,0,61.3,0,96.0,6.93,97.0,0.1,,,2.1,2.1,,
700,700,Czechia,2004,Developed,75.8,116.0,0,13.24,0.0,98.0,17,6.8,0,96.0,6.9,98.0,0.1,,,2.1,2.2,,
701,701,Czechia,2003,Developed,75.2,122.0,0,13.01,0.0,92.0,30,6.4,0,97.0,7.13,97.0,0.1,,,2.2,2.2,,
702,702,Czechia,2002,Developed,75.3,12.0,0,13.47,0.0,86.0,4,59.9,0,97.0,6.8,98.0,0.1,,,2.2,2.3,,
703,703,Czechia,2001,Developed,75.1,123.0,0,13.36,0.0,,6,59.4,0,97.0,6.42,98.0,0.1,,,2.2,2.3,,
704,704,Czechia,2000,Developed,74.7,126.0,0,13.22,0.0,,9,59.0,0,98.0,6.31,98.0,0.1,,,2.3,2.3,,
737,737,Denmark,2015,Developed,86.0,71.0,0,,0.0,,9,58.8,0,93.0,,93.0,0.1,5314.64416,5683483.0,1.1,0.9,0.923,19.2
738,738,Denmark,2014,Developed,84.0,73.0,0,9.64,10468.76292,,27,58.4,0,94.0,1.8,94.0,0.1,62425.5392,5643475.0,1.1,0.9,0.926,19.2
739,739,Denmark,2013,Developed,81.0,75.0,0,9.5,10261.763,,17,58.1,0,94.0,11.25,94.0,0.1,61191.19263,5614932.0,1.1,0.9,0.924,18.7
740,740,Denmark,2012,Developed,80.0,76.0,0,9.26,928.4170785,,2,57.7,0,94.0,1.98,94.0,0.1,5857.521,5591572.0,1.1,0.9,0.922,18.4
741,741,Denmark,2011,Developed,79.7,79.0,0,10.47,10251.10872,,84,57.4,0,91.0,1.87,91.0,0.1,61753.667,557572.0,1.1,0.9,0.91,16.9
742,742,Denmark,2010,Developed,79.2,84.0,0,10.28,954.4865933,,5,57.0,0,9.0,11.8,9.0,0.1,5841.41122,5547683.0,1.1,0.9,0.906,16.8
743,743,Denmark,2009,Developed,78.9,86.0,0,10.08,9765.616994,,6,56.6,0,89.0,11.47,89.0,0.1,58163.29359,552395.0,1.1,0.9,0.906,16.8
744,744,Denmark,2008,Developed,78.8,88.0,0,10.7,10761.18209,,14,56.3,0,88.0,1.18,88.0,0.1,64322.6664,5493621.0,1.1,0.9,0.906,16.8
745,745,Denmark,2007,Developed,78.4,93.0,0,10.99,9703.068121,,2,55.9,0,87.0,9.99,87.0,0.1,58487.451,5461438.0,1.2,0.9,0.904,16.7
746,746,Denmark,2006,Developed,78.1,93.0,0,11.02,850.9544783,,27,55.4,0,93.0,9.92,93.0,0.1,5226.99311,5437272.0,1.2,0.9,0.902,16.9
747,747,Denmark,2005,Developed,78.1,92.0,0,11.28,7627.412444,,2,55.0,0,93.0,9.77,93.0,0.1,48799.8237,5419432.0,1.2,1.0,0.897,16.6
748,748,Denmark,2004,Developed,77.7,98.0,0,11.27,6948.839868,,0,54.4,0,95.0,9.67,95.0,0.1,46511.6457,544523.0,1.2,1.0,0.893,16.5
749,749,Denmark,2003,Developed,77.3,11.0,0,11.54,650.9813544,,0,53.9,0,96.0,9.51,96.0,0.1,4458.7764,539574.0,1.2,1.0,0.882,16.3
750,750,Denmark,2002,Developed,77.0,14.0,0,11.34,4801.546125,,32,53.3,0,98.0,9.33,98.0,0.1,33228.69291,5375931.0,1.2,1.0,0.875,16.6
751,751,Denmark,2001,Developed,77.0,12.0,0,11.56,530.4832336,,11,52.8,0,97.0,9.1,97.0,0.1,3751.64946,5358783.0,1.3,1.0,0.862,16.2
752,752,Denmark,2000,Developed,76.9,12.0,0,11.69,508.7496912,,14,52.2,0,97.0,8.7,97.0,0.1,3743.55917,5339616.0,1.3,1.0,0.86,16.5
994,994,Germany,2015,Developed,81.0,68.0,2,,0.0,88.0,2464,62.3,3,94.0,,95.0,0.1,41176.88158,81686611.0,1.1,1.1,0.924,17.1
995,995,Germany,2014,Developed,89.0,69.0,2,11.03,941.7562909,88.0,443,61.9,3,94.0,11.3,95.0,0.1,4792.65288,89825.0,1.1,1.1,0.92,17.0
996,996,Germany,2013,Developed,86.0,71.0,2,10.94,895.8779503,88.0,1771,61.4,3,94.0,11.16,95.0,0.1,4653.91143,864565.0,1.1,1.1,0.919,16.9
997,997,Germany,2012,Developed,86.0,71.0,2,11.18,839.91332,88.0,166,6.9,3,94.0,1.99,95.0,0.1,4465.24891,8425823.0,1.1,1.1,0.916,16.9
998,998,Germany,2011,Developed,85.0,74.0,2,11.2,869.790735,88.0,1607,6.4,3,94.0,1.93,95.0,0.1,4681.32796,8274983.0,1.1,1.1,0.912,16.8
999,999,Germany,2010,Developed,81.0,76.0,2,11.2,7584.078579,88.0,780,59.9,3,94.0,11.25,95.0,0.1,41785.55691,8177693.0,1.1,1.1,0.907,16.7
1000,1000,Germany,2009,Developed,80.0,79.0,2,11.22,7641.270645,88.0,574,59.5,3,95.0,11.4,96.0,0.1,41732.7725,819237.0,1.1,1.1,0.906,16.7
1001,1001,Germany,2008,Developed,79.9,8.0,2,11.36,8285.264655,87.0,917,59.0,3,95.0,1.39,96.0,0.1,45699.19832,821197.0,1.1,1.1,0.903,16.6
1002,1002,Germany,2007,Developed,79.8,82.0,3,11.5,7777.556353,86.0,567,58.5,3,95.0,1.18,96.0,0.1,41814.8191,82266372.0,1.1,1.1,0.898,16.6
1003,1003,Germany,2006,Developed,79.6,84.0,3,11.76,6407.535954,87.0,2307,58.0,3,94.0,1.34,96.0,0.1,36447.87232,82376451.0,1.1,1.1,0.892,16.5
1004,1004,Germany,2005,Developed,79.2,85.0,3,11.67,6012.92584,9.0,778,57.6,3,95.0,1.52,96.0,0.1,34696.6292,82469422.0,1.1,1.1,0.884,16.4
1005,1005,Germany,2004,Developed,79.1,86.0,3,11.83,5842.374765,88.0,121,57.1,3,96.0,1.37,96.0,0.1,34165.9343,8251626.0,1.1,1.1,0.877,16.4
1006,1006,Germany,2003,Developed,78.5,9.0,3,11.92,582.6157028,9.0,779,56.6,4,96.0,1.62,97.0,0.1,3359.95215,82534176.0,1.1,1.1,0.872,16.3
1007,1007,Germany,2002,Developed,78.4,91.0,3,12.25,437.1059663,87.0,4657,56.1,4,97.0,1.4,93.0,0.1,2525.16445,82488495.0,1.2,1.1,0.867,16.3
1008,1008,Germany,2001,Developed,78.3,92.0,3,12.46,4057.637383,86.0,6024,55.6,4,96.0,1.15,93.0,0.1,23687.31689,82349925.0,1.2,1.1,0.86,16.2
1009,1009,Germany,2000,Developed,78.0,95.0,3,12.91,4238.540035,84.0,0,55.1,4,94.0,1.1,9.0,0.1,23718.7467,8221158.0,1.2,1.2,0.855,16.2
1154,1154,Hungary,2015,Developed,75.8,134.0,0,,0.0,,0,64.8,0,99.0,,99.0,0.1,12365.6263,984328.0,1.6,1.6,0.834,15.6
1155,1155,Hungary,2014,Developed,75.6,137.0,0,0.01,160.9449342,,0,64.2,0,99.0,7.4,99.0,0.1,14117.97668,9866468.0,1.7,1.6,0.834,15.8
1156,1156,Hungary,2013,Developed,75.5,139.0,0,10.88,155.1952076,,1,63.6,1,99.0,7.53,99.0,0.1,13613.6147,989382.0,1.7,1.7,0.824,15.4
1157,1157,Hungary,2012,Developed,75.0,146.0,0,11.27,164.2793407,,2,63.0,1,99.0,7.74,99.0,0.1,12834.32349,992362.0,1.7,1.7,0.823,15.4
1158,1158,Hungary,2011,Developed,74.8,15.0,0,11.51,17.82121883,,5,62.4,1,99.0,7.84,99.0,0.1,1448.87958,9971727.0,1.7,1.7,0.821,15.4
1159,1159,Hungary,2010,Developed,74.5,156.0,0,10.78,19.22023996,,0,61.7,1,99.0,7.85,99.0,0.1,1325.53379,123.0,1.8,1.8,0.817,15.3
1160,1160,Hungary,2009,Developed,74.2,162.0,0,11.46,1281.155944,,1,61.1,1,99.0,7.55,99.0,0.1,12967.16543,12265.0,1.8,1.8,0.816,15.3
1161,1161,Hungary,2008,Developed,74.1,165.0,1,11.64,181.7634078,,0,6.5,1,99.0,7.33,99.0,0.1,15669.25929,138188.0,1.9,1.9,0.812,15.3
1162,1162,Hungary,2007,Developed,73.5,176.0,1,12.55,163.3433278,,0,59.9,1,99.0,7.51,99.0,0.1,13842.6549,15578.0,1.9,1.9,0.809,15.3
1163,1163,Hungary,2006,Developed,73.4,177.0,1,13.16,1299.459306,,1,59.3,1,99.0,8.1,99.0,0.1,11398.76584,17137.0,2.0,2.0,0.802,15.2
1164,1164,Hungary,2005,Developed,72.9,182.0,1,12.94,1317.08348,,2,58.8,1,99.0,8.28,99.0,0.1,11161.72441,18765.0,2.0,2.0,0.795,15.0
1165,1165,Hungary,2004,Developed,72.9,18.0,1,13.28,146.8608016,,0,58.2,1,99.0,8.8,99.0,0.1,1259.5266,117146.0,2.1,2.1,0.793,15.3
1166,1166,Hungary,2003,Developed,72.5,184.0,1,13.24,1030.220271,,0,57.6,1,99.0,8.42,99.0,0.1,8396.25323,1129552.0,2.1,2.1,0.784,14.9
1167,1167,Hungary,2002,Developed,72.5,184.0,1,13.29,8.98619805,,0,57.1,1,98.0,7.47,99.0,0.1,665.6443,115868.0,2.2,2.2,0.775,14.6
1168,1168,Hungary,2001,Developed,72.3,185.0,1,13.18,7.601092416,,20,56.6,1,99.0,7.11,99.0,0.1,527.85364,1187576.0,2.2,2.2,0.769,14.2
1169,1169,Hungary,2000,Developed,71.7,193.0,1,12.22,75.36251406,,1,56.1,1,99.0,7.6,99.0,0.1,4623.46712,121971.0,2.3,2.3,0.761,13.9
1170,1170,Iceland,2015,Developed,82.7,49.0,0,,0.0,,0,61.0,0,92.0,,92.0,0.1,5734.4436,33815.0,1.0,0.9,0.919,19.0
1171,1171,Iceland,2014,Developed,82.5,49.0,0,7.45,8254.020763,,0,6.6,0,9.0,8.86,9.0,0.1,52473.11356,327386.0,1.0,0.9,0.915,19.0
1172,1172,Iceland,2013,Developed,82.4,5.0,0,7.31,764.5440691,,0,6.2,0,91.0,8.75,91.0,0.1,4781.3888,323764.0,1.0,0.9,0.907,19.0
1173,1173,Iceland,2012,Developed,82.5,5.0,0,7.81,6818.546407,,0,59.7,0,89.0,8.68,89.0,0.1,44333.8518,32716.0,1.0,0.9,0.901,18.7
1174,1174,Iceland,2011,Developed,82.1,51.0,0,8.13,7.0480925,,0,59.3,0,95.0,8.65,95.0,0.1,46.217,31914.0,0.9,0.9,0.894,18.6
1175,1175,Iceland,2010,Developed,81.8,53.0,0,8.25,6005.575763,,0,58.9,0,96.0,8.86,96.0,0.1,41676.44527,31841.0,0.9,0.9,0.894,18.4
1176,1176,Iceland,2009,Developed,81.6,55.0,0,10.22,687.5776358,,0,58.5,0,96.0,9.12,96.0,0.1,4461.89251,318499.0,0.9,0.9,0.894,18.4
1177,1177,Iceland,2008,Developed,81.4,58.0,0,8.49,7613.814999,,0,58.1,0,98.0,8.8,98.0,0.1,55575.29196,317414.0,0.9,0.9,0.892,18.2
1178,1178,Iceland,2007,Developed,81.3,59.0,0,7.53,12042.97366,,0,57.8,0,97.0,8.75,97.0,0.1,68348.31817,311566.0,0.9,0.9,0.887,18.2
1179,1179,Iceland,2006,Developed,81.1,61.0,0,7.2,1003.139804,,0,57.4,0,97.0,8.96,97.0,0.1,5613.54115,33782.0,0.9,0.9,0.884,18.1
1180,1180,Iceland,2005,Developed,81.0,62.0,0,7.05,10631.20379,,0,56.9,0,95.0,9.21,95.0,0.1,56249.7555,296734.0,0.9,0.9,0.879,17.9
1181,1181,Iceland,2004,Developed,88.0,65.0,0,6.79,8506.101443,,0,56.5,0,99.0,9.59,99.0,0.1,46917.27216,29274.0,1.0,0.9,0.873,18.3
1182,1182,Iceland,2003,Developed,87.0,65.0,0,6.61,725.4853161,,0,55.9,0,97.0,1.7,97.0,0.1,3944.999,289521.0,1.0,0.9,0.866,17.6
1183,1183,Iceland,2002,Developed,84.0,7.0,0,6.61,5948.096777,,0,55.4,0,95.0,9.86,95.0,0.1,31996.2172,287523.0,1.0,0.9,0.859,17.2
1184,1184,Iceland,2001,Developed,80.0,72.0,0,6.37,5048.274426,,0,54.8,0,92.0,9.12,92.0,0.1,28585.9254,284968.0,1.0,0.9,0.854,17.1
1185,1185,Iceland,2000,Developed,79.7,74.0,0,6.17,5809.12199,,0,54.2,0,98.0,9.28,98.0,0.1,31813.37344,28125.0,1.0,0.9,0.847,16.8
1250,1250,Ireland,2015,Developed,81.4,64.0,0,,0.0,95.0,4,62.8,0,95.0,,95.0,0.1,6664.144,4676835.0,0.3,0.2,0.92,18.6
1251,1251,Ireland,2014,Developed,81.2,66.0,0,10.75,746.3670453,95.0,33,62.1,0,96.0,7.78,96.0,0.1,5553.32623,4617225.0,0.3,0.2,0.91,18.6
1252,1252,Ireland,2013,Developed,81.0,67.0,0,10.49,703.5527332,95.0,51,61.3,0,96.0,8.1,96.0,0.1,5234.76736,4598294.0,0.3,0.2,0.902,18.6
1253,1253,Ireland,2012,Developed,85.0,69.0,0,11.49,6616.695125,95.0,107,6.5,0,95.0,8.32,95.0,0.1,49231.36254,4586897.0,0.3,0.2,0.895,18.5
1254,1254,Ireland,2011,Developed,84.0,7.0,0,11.72,6386.95437,95.0,285,59.7,0,95.0,8.15,95.0,0.1,52567.52568,4576794.0,0.3,0.2,0.909,18.5
1255,1255,Ireland,2010,Developed,86.0,68.0,0,11.88,4509.234803,46.0,443,58.9,0,94.0,8.76,94.0,0.1,48538.58776,456155.0,0.3,0.2,0.907,18.2
1256,1256,Ireland,2009,Developed,79.7,77.0,0,11.41,7620.823456,,164,58.2,0,94.0,9.53,94.0,0.1,51983.78892,4535375.0,0.3,0.2,0.909,17.9
1257,1257,Ireland,2008,Developed,79.8,75.0,0,12.66,9528.230574,,57,57.4,0,93.0,8.64,93.0,0.1,61235.415,4489544.0,0.3,0.2,0.908,17.9
1258,1258,Ireland,2007,Developed,79.5,75.0,0,13.59,9797.552661,,64,56.6,0,92.0,7.57,92.0,0.1,61388.17457,4398942.0,0.3,0.2,0.902,17.6
1259,1259,Ireland,2006,Developed,79.0,78.0,0,13.44,9126.931178,,87,55.8,0,91.0,7.22,91.0,0.1,54326.9713,4273591.0,0.3,0.2,0.896,17.6
1260,1260,Ireland,2005,Developed,78.7,78.0,0,13.31,973.681333,,95,55.1,0,9.0,7.27,9.0,0.1,5886.82789,4159914.0,0.3,0.2,0.889,17.5
1261,1261,Ireland,2004,Developed,78.3,82.0,0,13.32,8040.220444,,334,54.4,0,89.0,7.34,89.0,0.1,47631.6377,47262.0,0.3,0.2,0.88,17.1
1262,1262,Ireland,2003,Developed,78.0,82.0,0,13.24,675.2134725,,584,53.6,0,86.0,7.5,86.0,0.1,4117.15532,3996521.0,0.3,0.2,0.87,16.8
1263,1263,Ireland,2002,Developed,77.4,88.0,0,14.17,5092.383814,,243,52.9,0,83.0,6.85,83.0,0.1,32539.1937,3931947.0,0.3,0.3,0.862,16.5
1264,1264,Ireland,2001,Developed,77.0,89.0,0,14.27,4264.579203,,241,52.2,0,84.0,6.6,84.0,0.1,28223.55528,3866243.0,0.3,0.3,0.857,16.4
1265,1265,Ireland,2000,Developed,76.4,94.0,0,14.07,3794.581463,,0,51.5,0,86.0,6.3,86.0,0.1,26241.91883,385174.0,0.3,0.3,0.848,16.2
1282,1282,Italy,2015,Developed,82.7,56.0,1,,0.0,93.0,159,63.6,2,93.0,,93.0,0.1,349.14755,673582.0,0.6,0.6,0.881,16.3
1283,1283,Italy,2014,Developed,82.5,57.0,2,7.56,4831.644796,95.0,0,63.1,2,95.0,9.25,95.0,0.1,35396.66517,678914.0,0.6,0.6,0.877,16.3
1284,1284,Italy,2013,Developed,82.3,58.0,2,7.35,483.1916844,96.0,0,62.6,2,96.0,9.22,96.0,0.1,3537.27441,6233948.0,0.5,0.6,0.876,16.5
1285,1285,Italy,2012,Developed,82.0,6.0,2,7.49,4793.904924,96.0,376,62.1,2,96.0,9.28,97.0,0.1,34814.12436,59539717.0,0.5,0.6,0.877,16.6
1286,1286,Italy,2011,Developed,82.0,6.0,2,6.98,5439.691769,96.0,5189,61.5,2,96.0,9.27,96.0,0.1,38334.68477,59379449.0,0.5,0.5,0.872,16.4
1287,1287,Italy,2010,Developed,81.8,6.0,2,6.95,5219.668802,96.0,372,61.0,2,96.0,9.42,96.0,0.1,35849.37364,59277417.0,0.5,0.5,0.869,16.4
1288,1288,Italy,2009,Developed,81.6,61.0,2,7.25,5243.316638,96.0,351,6.5,2,96.0,9.41,96.0,0.1,36976.84512,5995365.0,0.5,0.5,0.868,16.3
1289,1289,Italy,2008,Developed,81.5,61.0,2,7.96,66.37840495,96.0,1617,59.9,2,96.0,8.89,96.0,0.1,464.18465,58826731.0,0.5,0.5,0.866,16.3
1290,1290,Italy,2007,Developed,81.3,63.0,2,8.37,5228.821581,97.0,321,59.4,2,97.0,8.48,97.0,0.1,37698.78573,5843831.0,0.5,0.5,0.862,16.1
1291,1291,Italy,2006,Developed,81.2,65.0,2,8.44,473.1915451,96.0,439,58.8,2,97.0,8.82,96.0,0.1,3341.7482,58143979.0,0.5,0.5,0.856,16.0
1292,1292,Italy,2005,Developed,88.0,66.0,2,8.65,4506.255963,96.0,135,58.2,2,97.0,8.71,95.0,0.1,31959.26215,57969484.0,0.5,0.5,0.851,15.8
1293,1293,Italy,2004,Developed,89.0,66.0,2,8.98,4270.914882,96.0,599,57.6,3,97.0,8.49,94.0,0.1,31174.56118,57685327.0,0.5,0.5,0.846,15.6
1294,1294,Italy,2003,Developed,79.9,72.0,2,9.3,3519.258515,95.0,10982,57.0,3,97.0,8.17,96.0,0.1,27387.2258,5731323.0,0.5,0.5,0.841,15.4
1295,1295,Italy,2002,Developed,80.0,72.0,2,9.25,2883.334911,95.0,9385,56.4,3,96.0,8.23,93.0,0.1,22196.5736,57597.0,0.5,0.5,0.836,15.2
1296,1296,Italy,2001,Developed,79.8,75.0,2,9.69,3.1222302,95.0,0,55.7,3,96.0,8.11,93.0,0.1,24.819,569741.0,0.5,0.5,0.828,14.9
1297,1297,Italy,2000,Developed,79.4,77.0,3,9.78,31.50582204,94.0,1457,55.0,3,97.0,7.91,87.0,0.1,251.2426,5694218.0,0.5,0.5,0.823,14.8
1314,1314,Japan,2015,Developed,83.7,55.0,2,,0.0,,35,29.0,3,99.0,,96.0,0.1,34474.13736,127141.0,2.1,1.8,0.902,15.3
1315,1315,Japan,2014,Developed,83.5,57.0,2,0.01,88.83362243,,462,28.6,3,99.0,1.23,96.0,0.1,3896.21151,127276.0,2.0,1.7,0.899,15.3
1316,1316,Japan,2013,Developed,83.5,56.0,2,7.55,94.43428615,,229,28.2,3,99.0,1.25,96.0,0.1,4454.44746,127445.0,2.0,1.7,0.894,15.3
1317,1317,Japan,2012,Developed,83.3,58.0,2,7.39,121.5869163,,228,27.8,3,99.0,1.17,97.0,0.1,4863.47665,127629.0,1.9,1.7,0.889,15.3
1318,1318,Japan,2011,Developed,82.5,64.0,3,7.39,9498.729062,,434,27.4,4,96.0,1.7,97.0,0.1,48167.99727,127833.0,1.9,1.6,0.884,15.1
1319,1319,Japan,2010,Developed,83.0,62.0,3,6.9,863.0061491,,450,26.9,4,98.0,9.58,97.0,0.1,4457.67639,1287.0,1.9,1.6,0.879,15.1
1320,1320,Japan,2009,Developed,83.0,64.0,3,7.09,899.1785285,,741,26.4,4,99.0,9.51,97.0,0.1,4855.17564,12847.0,1.8,1.6,0.881,15.0
1321,1321,Japan,2008,Developed,82.7,66.0,3,7.11,7313.175418,,11015,25.9,4,98.0,8.6,98.0,0.1,39339.29757,12863.0,1.8,1.5,0.88,15.0
1322,1322,Japan,2007,Developed,82.6,67.0,3,7.29,6599.995239,,0,25.4,4,97.0,8.25,98.0,0.1,35275.22843,1281.0,1.8,1.5,0.877,15.0
1323,1323,Japan,2006,Developed,82.4,68.0,3,7.49,6502.136974,,520,24.9,4,95.0,8.19,98.0,0.1,35433.98896,127854.0,1.7,1.5,0.873,14.9
1324,1324,Japan,2005,Developed,82.0,69.0,3,7.99,6799.664423,,0,24.4,4,95.0,8.18,98.0,0.1,37217.64873,127773.0,1.7,1.5,0.87,14.9
1325,1325,Japan,2004,Developed,82.1,68.0,3,7.7,6746.281299,,8752,23.8,4,97.0,8.3,99.0,0.1,37688.72234,127761.0,1.7,1.4,0.866,14.8
1326,1326,Japan,2003,Developed,81.9,7.0,3,7.83,578.7254273,,8286,23.4,5,97.0,8.0,97.0,0.1,3488.3992,127718.0,1.7,1.4,0.863,14.8
1327,1327,Japan,2002,Developed,81.8,7.0,3,7.87,5250.249188,,33812,22.9,5,89.0,7.85,96.0,0.1,32289.3554,127445.0,1.7,1.4,0.86,14.7
1328,1328,Japan,2001,Developed,81.5,72.0,4,8.03,5486.51208,,22552,22.5,5,81.0,7.75,95.0,0.1,33846.46564,127149.0,1.7,1.4,0.856,14.6
1329,1329,Japan,2000,Developed,81.1,74.0,4,7.97,5926.296654,,22497,22.2,5,98.0,7.53,85.0,0.1,38532.488,126843.0,1.6,1.4,0.852,14.5
1442,1442,Latvia,2015,Developed,74.6,153.0,0,,0.0,94.0,0,61.2,0,95.0,,95.0,0.1,13666.58336,1977527.0,2.2,2.1,0.828,16.0
1443,1443,Latvia,2014,Developed,74.4,156.0,0,0.01,1542.635979,92.0,36,6.7,0,92.0,5.88,92.0,0.1,15725.1374,1993782.0,2.2,2.2,0.822,16.0
1444,1444,Latvia,2013,Developed,74.1,161.0,0,10.37,150.3116884,94.0,0,6.2,0,94.0,5.67,94.0,0.1,1532.22924,212647.0,2.2,2.2,0.814,15.4
1445,1445,Latvia,2012,Developed,73.8,163.0,0,10.21,1356.022164,9.0,3,59.8,0,91.0,5.91,91.0,0.1,13822.8559,234319.0,2.2,2.2,0.812,15.5
1446,1446,Latvia,2011,Developed,73.6,169.0,0,10.14,24.70841046,89.0,1,59.4,0,92.0,6.1,92.0,0.1,1372.68947,25979.0,2.2,2.3,0.81,15.8
1447,1447,Latvia,2010,Developed,72.8,18.0,0,9.8,1109.969508,91.0,0,58.9,0,92.0,6.55,92.0,0.1,11326.21947,297555.0,2.2,2.3,0.815,16.0
1448,1448,Latvia,2009,Developed,72.6,184.0,0,9.85,1137.6237,92.0,0,58.5,0,94.0,6.84,94.0,0.1,12219.37379,2141669.0,2.3,2.3,0.821,16.4
1449,1449,Latvia,2008,Developed,71.9,199.0,0,11.84,253.4022338,93.0,3,58.1,0,94.0,6.63,94.0,0.1,16348.53121,2177322.0,2.3,2.4,0.819,16.3
1450,1450,Latvia,2007,Developed,78.0,221.0,0,12.12,170.9884138,91.0,0,57.7,0,94.0,7.1,94.0,0.1,1444.1589,22325.0,2.4,2.4,0.814,16.2
1451,1451,Latvia,2006,Developed,75.0,229.0,0,10.4,1099.248837,94.0,7,57.4,0,96.0,6.8,96.0,0.1,9667.9757,2218357.0,2.4,2.5,0.807,16.2
1452,1452,Latvia,2005,Developed,76.0,216.0,0,9.92,86.9255399,99.0,2,57.0,0,99.0,6.37,99.0,0.1,7558.7426,2238799.0,2.5,2.5,0.791,15.9
1453,1453,Latvia,2004,Developed,71.0,26.0,0,8.81,80.0328375,98.0,0,56.6,0,99.0,6.51,99.0,0.1,6351.8125,2263122.0,2.5,2.6,0.776,15.5
1454,1454,Latvia,2003,Developed,78.0,29.0,0,8.24,478.0644911,98.0,0,56.3,0,98.0,6.15,98.0,0.1,5134.95694,2287955.0,2.6,2.6,0.761,15.2
1455,1455,Latvia,2002,Developed,73.0,219.0,0,7.44,376.4570185,98.0,0,56.0,0,98.0,6.29,97.0,0.1,4132.34927,231173.0,2.7,2.7,0.746,14.8
1456,1456,Latvia,2001,Developed,69.9,228.0,0,6.68,332.2751709,96.0,1,55.7,0,97.0,6.17,97.0,0.1,3572.8513,233717.0,2.8,2.8,0.728,14.2
1457,1457,Latvia,2000,Developed,71.0,218.0,0,7.13,291.0170765,95.0,0,55.4,0,96.0,6.0,96.0,0.1,3352.731296,236755.0,2.8,2.8,0.716,13.7
1522,1522,Lithuania,2015,Developed,73.6,165.0,0,,0.0,94.0,50,62.4,0,93.0,,93.0,0.1,14252.42853,29491.0,2.6,2.6,0.846,16.5
1523,1523,Lithuania,2014,Developed,73.4,169.0,0,15.19,2211.744178,94.0,11,61.9,0,93.0,6.55,93.0,0.1,16554.97139,2932367.0,2.6,2.7,0.841,16.5
1524,1524,Lithuania,2013,Developed,73.0,178.0,0,15.04,1968.816817,93.0,35,61.4,0,93.0,6.59,93.0,0.1,15712.82376,2957689.0,2.7,2.7,0.834,16.4
1525,1525,Lithuania,2012,Developed,73.0,176.0,0,15.14,1807.071336,93.0,0,6.9,0,93.0,6.67,93.0,0.1,14341.836,2987773.0,2.7,2.7,0.83,16.5
1526,1526,Lithuania,2011,Developed,72.8,18.0,0,12.66,1758.822757,95.0,7,6.5,0,92.0,6.86,92.0,0.1,14357.73679,328115.0,2.7,2.8,0.826,16.7
1527,1527,Lithuania,2010,Developed,72.4,188.0,0,12.9,1423.802386,94.0,2,6.0,0,95.0,7.9,95.0,0.1,11984.86857,397282.0,2.8,2.8,0.824,16.8
1528,1528,Lithuania,2009,Developed,72.2,192.0,0,12.4,1446.529217,95.0,0,59.7,0,98.0,7.53,98.0,0.1,11837.3913,3162916.0,2.8,2.9,0.825,16.6
1529,1529,Lithuania,2008,Developed,71.1,224.0,0,13.3,1888.149904,96.0,1,59.3,0,96.0,6.61,96.0,0.1,14961.56818,3198231.0,2.9,2.9,0.82,16.5
1530,1530,Lithuania,2007,Developed,72.0,24.0,0,13.4,1581.511914,96.0,0,59.0,0,95.0,6.22,95.0,0.1,12297.91535,3231294.0,2.9,3.0,0.812,16.4
1531,1531,Lithuania,2006,Developed,76.0,229.0,0,12.7,116.504961,95.0,1,58.7,0,94.0,6.2,94.0,0.1,924.642548,326999.0,3.0,3.0,0.807,16.4
1532,1532,Lithuania,2005,Developed,78.0,222.0,0,12.3,913.699529,95.0,1,58.4,0,93.0,5.83,94.0,0.1,7863.1629,3322528.0,3.0,3.1,0.798,16.2
1533,1533,Lithuania,2004,Developed,71.6,24.0,0,12.1,76.36187737,94.0,1,58.1,0,9.0,5.67,94.0,0.1,676.966998,337775.0,3.1,3.1,0.792,16.3
1534,1534,Lithuania,2003,Developed,71.6,22.0,0,11.29,80.99710054,95.0,1,57.8,0,91.0,6.46,94.0,0.1,555.535669,3415213.0,3.2,3.2,0.78,15.8
1535,1535,Lithuania,2002,Developed,71.4,22.0,0,11.0,561.9168642,94.0,103,57.5,0,97.0,6.4,95.0,0.1,4146.987928,344367.0,3.3,3.3,0.77,15.3
1536,1536,Lithuania,2001,Developed,71.2,21.0,0,10.2,42.87208671,95.0,7,57.2,0,97.0,6.26,95.0,0.1,353.147337,347818.0,3.3,3.3,0.757,14.7
1537,1537,Lithuania,2000,Developed,71.6,2.0,0,9.87,373.2605532,98.0,19,56.9,0,92.0,6.46,94.0,0.1,3297.35471,3499536.0,3.4,3.4,0.745,14.0
1538,1538,Luxembourg,2015,Developed,82.0,63.0,0,,0.0,94.0,0,61.3,0,99.0,,99.0,0.1,1199.8223,56964.0,1.0,0.9,0.896,13.9
1539,1539,Luxembourg,2014,Developed,81.7,65.0,0,11.12,16255.16198,94.0,0,6.9,0,99.0,6.94,99.0,0.1,119172.7418,556319.0,1.0,0.9,0.892,13.9
1540,1540,Luxembourg,2013,Developed,81.4,68.0,0,11.02,15515.75234,94.0,0,6.5,0,99.0,7.1,99.0,0.1,113751.85,54336.0,0.9,0.9,0.892,13.9
1541,1541,Luxembourg,2012,Developed,81.1,7.0,0,11.34,2284.58215,94.0,2,6.1,0,99.0,7.18,99.0,0.1,16749.136,53946.0,0.9,0.9,0.892,13.9
1542,1542,Luxembourg,2011,Developed,88.0,72.0,0,11.5,17028.52798,95.0,6,59.6,0,96.0,7.34,99.0,0.1,115761.577,518347.0,0.9,0.9,0.894,13.9
1543,1543,Luxembourg,2010,Developed,86.0,73.0,0,11.36,2267.252192,94.0,0,59.2,0,96.0,7.68,99.0,0.1,14965.361,56953.0,0.9,0.9,0.884,13.7
1544,1544,Luxembourg,2009,Developed,83.0,76.0,0,11.42,2052.393076,95.0,0,58.8,0,96.0,8.11,99.0,0.1,13198.6693,497783.0,0.9,0.9,0.888,13.5
1545,1545,Luxembourg,2008,Developed,80.0,8.0,0,11.53,18961.3486,94.0,1,58.4,0,96.0,7.34,99.0,0.1,114293.8433,48865.0,0.9,0.9,0.887,13.5
1546,1546,Luxembourg,2007,Developed,79.7,82.0,0,11.75,267.051312,87.0,0,57.9,0,96.0,6.8,99.0,0.1,1618.4928,479993.0,0.9,0.9,0.877,13.5
1547,1547,Luxembourg,2006,Developed,79.4,85.0,0,11.98,15345.4907,95.0,8,57.5,0,99.0,7.75,99.0,0.1,89739.7117,472637.0,0.9,0.9,0.88,13.5
1548,1548,Luxembourg,2005,Developed,78.8,9.0,0,11.84,1346.246697,95.0,0,57.0,0,99.0,7.95,99.0,0.1,8289.69641,465158.0,1.0,0.9,0.874,13.5
1549,1549,Luxembourg,2004,Developed,78.7,92.0,0,12.42,12372.05188,94.0,0,56.4,0,99.0,8.2,99.0,0.1,75716.3518,45895.0,1.0,0.9,0.867,13.5
1550,1550,Luxembourg,2003,Developed,78.6,92.0,0,12.61,10111.38928,95.0,1,55.8,0,99.0,7.67,98.0,0.1,65445.8853,45163.0,1.0,0.9,0.865,13.6
1551,1551,Luxembourg,2002,Developed,78.3,95.0,0,12.91,910.5062778,95.0,0,55.2,0,99.0,8.27,99.0,0.1,5293.64115,446175.0,1.0,0.9,0.86,13.5
1552,1552,Luxembourg,2001,Developed,78.0,96.0,0,12.89,7877.33656,86.0,0,54.6,0,99.0,7.4,99.0,0.1,48179.4285,441525.0,1.0,1.0,0.854,13.4
1553,1553,Luxembourg,2000,Developed,77.8,98.0,0,13.14,8246.130437,77.0,0,54.0,0,99.0,7.48,99.0,0.1,48735.99549,4363.0,1.0,1.0,0.848,13.5
1634,1634,Malta,2015,Developed,81.7,54.0,0,,0.0,95.0,2,69.6,0,97.0,,97.0,0.1,23819.4636,431874.0,0.8,0.8,0.853,14.6
1635,1635,Malta,2014,Developed,81.4,55.0,0,8.49,409.6000248,9.0,0,69.2,0,99.0,9.75,99.0,0.1,2618.92599,427364.0,0.8,0.8,0.847,14.3
1636,1636,Malta,2013,Developed,81.1,57.0,0,8.58,374.2947283,94.0,0,68.8,0,99.0,9.89,99.0,0.1,2393.1888,423374.0,0.8,0.7,0.828,14.2
1637,1637,Malta,2012,Developed,81.0,58.0,0,7.67,343.123395,93.0,0,68.4,0,99.0,9.95,99.0,0.1,2193.8836,419455.0,0.8,0.7,0.821,14.1
1638,1638,Malta,2011,Developed,87.0,59.0,0,6.91,3601.287457,82.0,3,68.0,0,96.0,9.6,96.0,0.1,22821.847,416268.0,0.8,0.7,0.826,14.8
1639,1639,Malta,2010,Developed,83.0,62.0,0,7.91,278.0687051,75.0,0,67.6,0,76.0,8.3,76.0,0.1,2187.79469,41458.0,0.8,0.7,0.819,14.6
1640,1640,Malta,2009,Developed,82.0,63.0,0,7.38,335.5180568,86.0,1,67.1,0,73.0,8.33,73.0,0.1,2675.58259,412477.0,0.8,0.7,0.815,14.4
1641,1641,Malta,2008,Developed,80.0,64.0,0,7.14,2655.573684,86.0,1,66.6,0,72.0,8.15,72.0,0.1,21928.767,49379.0,0.7,0.7,0.813,14.6
1642,1642,Malta,2007,Developed,79.6,65.0,0,7.45,2578.888314,82.0,2,66.1,0,76.0,8.36,74.0,0.1,19375.5696,46724.0,0.7,0.7,0.808,14.4
1643,1643,Malta,2006,Developed,79.3,66.0,0,8.84,2380.699796,86.0,1,65.6,0,83.0,8.93,85.0,0.1,16671.5672,4538.0,0.7,0.7,0.809,14.8
1644,1644,Malta,2005,Developed,79.0,67.0,0,6.41,2247.035692,85.0,6,65.0,0,94.0,8.83,92.0,0.1,15835.34667,43834.0,0.7,0.7,0.805,14.8
1645,1645,Malta,2004,Developed,78.7,69.0,0,6.53,203.3157499,85.0,4,64.5,0,89.0,8.46,89.0,0.1,1519.5497,41268.0,0.7,0.7,0.797,14.2
1646,1646,Malta,2003,Developed,78.5,71.0,0,6.7,1678.392773,89.0,4,63.9,0,94.0,8.6,94.0,0.1,13689.98999,398582.0,0.7,0.7,0.79,13.8
1647,1647,Malta,2002,Developed,78.2,75.0,0,5.73,1552.740429,,7,63.4,0,95.0,7.86,95.0,0.1,11843.9392,395969.0,0.7,0.7,0.786,13.8
1648,1648,Malta,2001,Developed,77.8,79.0,0,5.62,130.0150391,,2,62.8,0,95.0,7.11,95.0,0.1,1121.78636,39328.0,0.7,0.7,0.783,13.7
1649,1649,Malta,2000,Developed,77.5,8.0,0,5.59,134.3547253,,2,62.3,0,94.0,6.83,94.0,0.1,1139.5651,3987.0,0.8,0.7,0.779,13.8
1829,1829,Netherlands,2015,Developed,81.9,57.0,1,,0.0,94.0,7,62.1,1,95.0,,95.0,0.1,44292.88473,16939923.0,1.0,0.9,0.923,18.1
1830,1830,Netherlands,2014,Developed,81.7,58.0,1,0.01,1491.703605,92.0,140,61.6,1,96.0,1.9,96.0,0.1,52157.4687,168658.0,1.0,0.9,0.923,18.1
1831,1831,Netherlands,2013,Developed,81.4,6.0,1,8.68,1475.030397,51.0,2632,61.0,1,97.0,11.4,97.0,0.1,51574.48942,1684432.0,1.0,0.9,0.922,18.1
1832,1832,Netherlands,2012,Developed,81.1,62.0,1,9.05,1162.656768,2.0,10,6.5,1,97.0,11.1,97.0,0.1,49474.7561,16754962.0,1.0,0.9,0.921,18.1
1833,1833,Netherlands,2011,Developed,81.1,63.0,1,8.96,1047.370244,2.0,51,59.9,1,97.0,1.53,97.0,0.1,5354.6536,1669374.0,1.0,0.9,0.911,17.2
1834,1834,Netherlands,2010,Developed,88.0,64.0,1,9.33,1035.621437,,15,59.3,1,97.0,1.48,97.0,0.1,5338.25483,16615394.0,1.0,0.9,0.906,17.0
1835,1835,Netherlands,2009,Developed,86.0,65.0,1,9.23,96.8585885,,15,58.6,1,97.0,1.29,97.0,0.1,519.349,1653388.0,1.0,0.9,0.906,16.9
1836,1836,Netherlands,2008,Developed,83.0,68.0,1,9.62,10873.40554,,109,57.9,1,97.0,9.57,97.0,0.1,56928.8248,16445593.0,1.0,0.9,0.905,16.8
1837,1837,Netherlands,2007,Developed,82.0,68.0,1,9.53,9689.732784,,10,57.3,1,97.0,9.36,97.0,0.1,51241.31562,16381696.0,1.0,1.0,0.899,16.6
1838,1838,Netherlands,2006,Developed,79.8,71.0,1,9.79,8344.010392,,1,56.5,1,96.0,9.36,96.0,0.1,44453.97119,1634611.0,1.0,1.0,0.893,16.5
1839,1839,Netherlands,2005,Developed,79.4,72.0,1,9.69,6577.508136,,4,55.8,1,96.0,9.6,96.0,0.1,41577.169,16319868.0,1.0,1.0,0.888,16.4
1840,1840,Netherlands,2004,Developed,79.2,77.0,1,9.56,5170.130703,,11,55.0,1,98.0,8.52,98.0,0.1,39954.64222,16281779.0,1.0,1.0,0.885,16.5
1841,1841,Netherlands,2003,Developed,78.7,8.0,1,9.56,4472.6114,,4,54.2,1,98.0,8.46,98.0,0.1,35245.1647,1622532.0,1.1,1.0,0.881,16.5
1842,1842,Netherlands,2002,Developed,78.4,81.0,1,9.68,3455.197053,,3,53.4,1,97.0,8.34,97.0,0.1,28817.32321,16148929.0,1.1,1.0,0.882,16.9
1843,1843,Netherlands,2001,Developed,78.3,82.0,1,9.95,3054.515582,,0,52.6,1,97.0,7.79,97.0,0.1,26584.12169,164618.0,1.1,1.1,0.878,16.7
1844,1844,Netherlands,2000,Developed,78.1,84.0,1,10.06,2944.640134,,1019,51.8,1,97.0,7.42,97.0,0.1,25921.12794,15925513.0,1.1,1.1,0.873,16.5
1845,1845,New Zealand,2015,Developed,81.6,66.0,0,8.7,0.0,92.0,10,67.5,0,92.0,,92.0,0.1,3821.8937,,0.4,0.3,0.913,19.2
1846,1846,New Zealand,2014,Developed,81.5,67.0,0,9.07,1040.278436,93.0,280,66.9,0,93.0,11.3,93.0,0.1,4453.24673,,0.4,0.3,0.91,19.2
1847,1847,New Zealand,2013,Developed,81.3,69.0,0,9.18,10019.0763,93.0,8,66.4,0,92.0,11.17,92.0,0.1,42889.88141,,0.3,0.3,0.908,19.3
1848,1848,New Zealand,2012,Developed,81.1,7.0,0,9.2,924.5653683,93.0,68,65.9,0,93.0,11.53,93.0,0.1,3997.25624,,0.3,0.3,0.904,19.5
1849,1849,New Zealand,2011,Developed,86.0,72.0,0,9.47,8342.405764,95.0,597,65.3,0,95.0,11.24,95.0,0.1,38426.5581,,0.3,0.3,0.901,19.7
1850,1850,New Zealand,2010,Developed,89.0,71.0,0,9.62,6664.148708,9.0,43,64.8,0,93.0,11.2,93.0,0.1,33691.34837,,0.3,0.3,0.899,20.3
1851,1851,New Zealand,2009,Developed,85.0,73.0,0,9.24,63.57705167,93.0,198,64.3,0,92.0,11.21,92.0,0.1,282.94193,,0.3,0.3,0.895,19.3
1852,1852,New Zealand,2008,Developed,81.0,75.0,0,9.49,6761.288966,9.0,0,63.8,0,89.0,1.7,89.0,0.1,31287.77865,,0.3,0.3,0.894,19.5
1853,1853,New Zealand,2007,Developed,81.0,76.0,0,9.19,606.3106561,88.0,25,63.2,0,88.0,8.35,88.0,0.1,3259.73471,,0.3,0.3,0.891,19.2
1854,1854,New Zealand,2006,Developed,79.9,76.0,0,9.34,496.2228007,87.0,20,62.6,0,89.0,8.65,89.0,0.1,2667.86452,,0.3,0.3,0.888,19.1
1855,1855,New Zealand,2005,Developed,79.9,78.0,0,9.31,491.055852,87.0,20,62.1,0,89.0,8.25,89.0,0.1,2775.89515,,0.3,0.3,0.886,18.9
1856,1856,New Zealand,2004,Developed,79.2,79.0,0,9.15,442.3774869,88.0,33,61.5,0,87.0,7.89,89.0,0.1,2542.39935,,0.3,0.3,0.884,18.4
1857,1857,New Zealand,2003,Developed,79.1,82.0,0,8.91,3661.792922,89.0,66,6.9,0,86.0,7.71,9.0,0.1,21913.7817,,0.3,0.3,0.881,18.2
1858,1858,New Zealand,2002,Developed,78.7,83.0,0,9.13,2892.257132,89.0,21,6.3,0,84.0,7.89,9.0,0.1,16874.31232,,0.3,0.3,0.873,17.5
1859,1859,New Zealand,2001,Developed,78.5,83.0,0,8.75,2205.98595,9.0,65,59.6,0,82.0,7.58,9.0,0.1,13882.85683,,0.3,0.3,0.868,17.4
1860,1860,New Zealand,2000,Developed,78.6,87.0,0,8.91,2143.021083,9.0,65,58.9,0,82.0,7.47,9.0,0.1,13641.1272,,0.3,0.3,0.864,17.2
1910,1910,Norway,2015,Developed,81.8,59.0,0,5.97,0.0,,14,61.2,0,95.0,,95.0,0.1,7455.24654,518867.0,0.8,0.7,0.948,17.7
1911,1911,Norway,2014,Developed,81.6,61.0,0,6.06,177.6382878,,3,6.8,0,93.0,9.72,93.0,0.1,975.49856,5137232.0,0.8,0.7,0.945,17.7
1912,1912,Norway,2013,Developed,81.5,62.0,0,6.21,234.782883,,8,6.3,0,94.0,9.39,94.0,0.1,1291.435,579623.0,0.8,0.7,0.942,17.5
1913,1913,Norway,2012,Developed,81.3,61.0,0,6.21,2094.19096,,4,59.8,0,95.0,9.16,95.0,0.1,11563.727,518573.0,0.7,0.7,0.941,17.6
1914,1914,Norway,2011,Developed,81.1,67.0,0,6.53,277.3550522,,39,59.4,0,94.0,9.14,94.0,0.1,1574.9861,495388.0,0.7,0.7,0.939,17.6
1915,1915,Norway,2010,Developed,81.0,66.0,0,6.59,15268.06445,,3,58.9,0,93.0,9.26,93.0,0.1,87646.75346,4889252.0,0.7,0.7,0.936,17.4
1916,1916,Norway,2009,Developed,89.0,67.0,0,6.68,142.3749426,,2,58.5,0,94.0,9.49,94.0,0.1,817.77681,4828726.0,0.7,0.7,0.936,17.4
1917,1917,Norway,2008,Developed,86.0,67.0,0,6.75,1707.130633,,4,58.0,0,94.0,8.4,94.0,0.1,9688.5961,4768212.0,0.7,0.7,0.936,17.6
1918,1918,Norway,2007,Developed,85.0,67.0,0,6.6,14829.41215,,0,57.5,0,93.0,8.58,93.0,0.1,85128.65759,479153.0,0.7,0.7,0.934,17.6
1919,1919,Norway,2006,Developed,84.0,7.0,0,6.47,12829.25408,,0,57.0,0,94.0,8.43,94.0,0.1,74114.69715,466677.0,0.8,0.7,0.931,17.5
1920,1920,Norway,2005,Developed,81.0,73.0,0,6.37,11792.53465,,0,56.5,0,91.0,8.89,91.0,0.1,66775.3944,4623291.0,0.8,0.7,0.929,17.6
1921,1921,Norway,2004,Developed,79.8,77.0,0,6.22,1009.825011,,7,55.9,0,92.0,9.44,92.0,0.1,5757.26916,459191.0,0.8,0.7,0.924,17.5
1922,1922,Norway,2003,Developed,79.4,78.0,0,6.04,880.7380617,,8,55.3,0,92.0,9.85,92.0,0.1,5111.65445,4564855.0,0.8,0.7,0.918,17.1
1923,1923,Norway,2002,Developed,78.9,81.0,0,5.89,749.6823382,,5,54.6,0,93.0,9.62,93.0,0.1,4361.1538,4538159.0,0.8,0.7,0.916,17.1
1924,1924,Norway,2001,Developed,78.8,82.0,0,5.49,6356.827282,,4,54.0,0,91.0,8.65,91.0,0.1,38549.58934,4513751.0,0.8,0.7,0.917,17.5
1925,1925,Norway,2000,Developed,78.5,85.0,0,5.67,6191.211908,,0,53.3,0,91.0,8.27,9.0,0.1,38146.71539,449967.0,0.8,0.7,0.911,17.1
2039,2039,Poland,2015,Developed,77.5,117.0,2,,0.0,96.0,0,61.7,2,92.0,,98.0,0.1,12565.9876,37986412.0,1.9,2.0,0.852,16.4
2040,2040,Poland,2014,Developed,77.3,12.0,2,10.71,243.808475,96.0,0,61.1,2,94.0,6.35,98.0,0.1,14341.675,3811735.0,1.9,2.1,0.85,16.4
2041,2041,Poland,2013,Developed,77.1,12.0,2,11.63,23.43533487,96.0,84,6.4,2,95.0,6.4,99.0,0.1,1378.54911,384196.0,2.0,2.1,0.838,15.4
2042,2042,Poland,2012,Developed,76.8,125.0,2,10.81,230.040097,97.0,71,59.7,2,95.0,6.62,99.0,0.1,13145.1484,3863164.0,2.0,2.1,0.834,15.3
2043,2043,Poland,2011,Developed,76.7,128.0,2,10.93,250.0773782,98.0,0,59.1,2,96.0,6.7,99.0,0.1,13893.18768,3863255.0,2.0,2.2,0.829,15.4
2044,2044,Poland,2010,Developed,76.3,13.0,2,10.59,220.4916851,98.0,13,58.4,2,96.0,6.88,99.0,0.1,12599.52486,3842794.0,2.1,2.2,0.822,15.1
2045,2045,Poland,2009,Developed,75.7,136.0,2,10.7,1299.159757,98.0,115,57.8,3,96.0,7.12,99.0,0.1,11527.59323,3815163.0,2.1,2.3,0.818,15.1
2046,2046,Poland,2008,Developed,75.5,14.0,2,11.4,15.71474837,98.0,0,57.2,3,96.0,6.88,99.0,0.1,141.44688,38125759.0,2.2,2.3,0.813,15.0
2047,2047,Poland,2007,Developed,75.3,144.0,2,10.9,14.3042452,98.0,40,56.6,3,99.0,6.28,99.0,0.1,1126.31852,381256.0,2.2,2.4,0.808,15.0
2048,2048,Poland,2006,Developed,75.2,144.0,2,10.4,9.1455559,98.0,120,56.0,3,99.0,6.17,99.0,0.1,94.7726,38141267.0,2.3,2.4,0.803,15.0
2049,2049,Poland,2005,Developed,75.0,144.0,2,9.5,79.41502672,98.0,13,55.5,3,99.0,6.2,99.0,0.1,821.251569,38165445.0,2.3,2.5,0.797,14.8
2050,2050,Poland,2004,Developed,74.9,143.0,2,9.19,648.0743453,98.0,11,55.0,3,99.0,6.19,99.0,0.1,6681.178818,38182222.0,2.4,2.5,0.8,15.5
2051,2051,Poland,2003,Developed,74.7,142.0,3,9.06,542.0235,97.0,48,54.5,3,98.0,6.22,99.0,0.1,5693.52416,382457.0,2.4,2.6,0.796,15.3
2052,2052,Poland,2002,Developed,74.5,145.0,3,8.02,516.0554391,98.0,34,54.0,3,98.0,6.32,99.0,0.1,5196.932921,3823364.0,2.5,2.6,0.79,15.0
2053,2053,Poland,2001,Developed,74.2,149.0,3,7.74,466.7383106,95.0,133,53.6,3,98.0,5.86,98.0,0.1,4981.198619,3824876.0,2.5,2.7,0.784,14.7
2054,2054,Poland,2000,Developed,73.7,153.0,3,8.4,412.4323974,99.0,77,53.1,4,98.0,5.5,98.0,0.1,4492.72764,38258629.0,2.5,2.8,0.777,14.6
2055,2055,Portugal,2015,Developed,81.1,76.0,0,,0.0,98.0,8,61.6,0,98.0,,98.0,0.1,1922.681,135876.0,0.7,0.5,0.841,16.6
2056,2056,Portugal,2014,Developed,89.0,78.0,0,9.88,271.2545531,98.0,0,6.9,0,98.0,9.5,98.0,0.1,2277.53613,14162.0,0.7,0.5,0.837,16.8
2057,2057,Portugal,2013,Developed,86.0,79.0,0,10.0,2698.01817,98.0,1,6.2,0,98.0,9.55,98.0,0.1,21618.73534,1457295.0,0.7,0.5,0.827,16.3
2058,2058,Portugal,2012,Developed,83.0,81.0,0,11.96,331.457035,98.0,23,59.5,0,98.0,9.74,98.0,0.1,2577.4264,1514844.0,0.7,0.5,0.824,16.3
2059,2059,Portugal,2011,Developed,82.0,85.0,0,11.92,3108.288623,97.0,2,58.8,0,97.0,1.7,97.0,0.1,23196.18375,155756.0,0.7,0.5,0.818,16.2
2060,2060,Portugal,2010,Developed,79.6,88.0,0,12.25,3119.349824,97.0,5,58.1,0,97.0,1.44,98.0,0.1,22538.6548,15731.0,0.7,0.5,0.812,16.0
2061,2061,Portugal,2009,Developed,79.3,9.0,0,12.03,337.1023516,96.0,3,57.3,0,96.0,1.42,96.0,0.1,2363.97161,1568247.0,0.7,0.5,0.809,16.0
2062,2062,Portugal,2008,Developed,79.0,92.0,0,12.35,3652.869332,97.0,1,56.5,0,97.0,9.9,97.0,0.1,24815.6884,1558177.0,0.7,0.5,0.804,15.8
2063,2063,Portugal,2007,Developed,78.7,94.0,0,12.57,333.3569124,97.0,0,55.7,0,96.0,9.62,97.0,0.1,2278.5845,1542964.0,0.7,0.5,0.797,15.4
2064,2064,Portugal,2006,Developed,78.5,96.0,0,13.11,2884.020194,97.0,0,54.9,0,97.0,9.67,97.0,0.1,19821.44463,1522288.0,0.7,0.5,0.793,15.4
2065,2065,Portugal,2005,Developed,77.7,11.0,0,13.33,2813.985285,94.0,7,54.1,1,93.0,9.98,93.0,0.1,18784.9485,15333.0,0.7,0.6,0.79,15.4
2066,2066,Portugal,2004,Developed,78.0,99.0,0,13.45,276.0999798,94.0,5,53.3,1,95.0,9.84,95.0,0.1,1845.5881,1483861.0,0.7,0.6,0.792,15.9
2067,2067,Portugal,2003,Developed,77.3,15.0,0,14.21,2283.891796,94.0,8,52.5,1,96.0,9.54,99.0,0.1,15772.7334,1458821.0,0.7,0.6,0.789,15.8
2068,2068,Portugal,2002,Developed,77.2,17.0,1,12.0,1904.00231,82.0,8,51.7,1,96.0,9.15,98.0,0.1,12882.28897,1419631.0,0.8,0.6,0.788,15.9
2069,2069,Portugal,2001,Developed,76.9,11.0,1,12.22,1657.328352,7.0,0,5.9,1,96.0,9.1,97.0,0.1,11729.14616,1362722.0,0.8,0.6,0.782,15.7
2070,2070,Portugal,2000,Developed,76.6,11.0,1,11.89,167.3280168,58.0,45,5.1,1,96.0,9.14,96.0,0.1,1152.39681,1289898.0,0.8,0.6,0.777,15.5
2119,2119,Romania,2015,Developed,75.0,133.0,2,,0.0,9.0,4,6.7,2,89.0,,89.0,0.1,8958.788593,19815481.0,2.5,2.7,0.798,14.7
2120,2120,Romania,2014,Developed,74.8,135.0,2,0.01,1.576409172,94.0,59,59.9,2,94.0,5.57,94.0,0.1,12.27733,1998979.0,2.6,2.8,0.797,14.7
2121,2121,Romania,2013,Developed,74.6,138.0,2,9.59,1230.748231,96.0,1159,59.2,2,88.0,5.6,92.0,0.1,9585.266593,19983693.0,2.7,2.9,0.794,14.7
2122,2122,Romania,2012,Developed,74.4,138.0,2,9.58,1078.358105,96.0,7450,58.4,2,92.0,5.48,91.0,0.1,8558.39766,25835.0,2.8,3.0,0.797,15.3
2123,2123,Romania,2011,Developed,74.3,139.0,2,9.1,10.32588862,96.0,4189,57.7,2,89.0,5.53,89.0,0.1,92.277825,2147528.0,2.9,3.1,0.798,15.7
2124,2124,Romania,2010,Developed,73.4,153.0,2,9.0,983.2518091,98.0,193,56.9,2,94.0,5.83,94.0,0.1,8297.483621,2246871.0,3.0,3.2,0.797,15.8
2125,2125,Romania,2009,Developed,73.1,158.0,2,10.4,14.96373588,95.0,8,56.3,3,95.0,5.56,95.0,0.1,822.18329,2367487.0,3.0,3.3,0.795,15.4
2126,2126,Romania,2008,Developed,73.1,159.0,2,11.9,128.0805702,97.0,12,55.6,3,95.0,5.33,96.0,0.1,1136.47356,2537875.0,3.1,3.5,0.78,14.7
2127,2127,Romania,2007,Developed,72.9,154.0,3,10.6,919.1673438,99.0,353,55.0,3,96.0,5.21,96.0,0.1,8214.185378,2882982.0,3.2,3.6,0.766,14.1
2128,2128,Romania,2006,Developed,72.5,157.0,3,8.51,665.6427546,99.0,3196,54.4,4,97.0,5.6,97.0,0.1,5828.745662,2119376.0,3.2,3.7,0.755,13.7
2129,2129,Romania,2005,Developed,71.9,162.0,3,7.68,615.4030781,98.0,5043,53.9,4,97.0,5.47,97.0,0.1,4676.315183,21319685.0,3.3,3.8,0.745,13.4
2130,2130,Romania,2004,Developed,71.7,165.0,4,9.82,431.3250367,99.0,117,53.4,4,97.0,5.43,97.0,0.1,3552.92452,21451748.0,3.4,3.9,0.733,12.9
2131,2131,Romania,2003,Developed,71.1,174.0,4,8.78,375.1740323,98.0,9,52.9,4,97.0,5.3,97.0,0.1,2774.95586,21574326.0,3.5,4.0,0.722,12.5
2132,2132,Romania,2002,Developed,77.0,178.0,4,9.62,37.82275031,99.0,14,52.4,5,98.0,4.57,98.0,0.1,2124.873613,2173496.0,3.7,4.1,0.714,12.0
2133,2133,Romania,2001,Developed,78.0,179.0,4,9.78,180.1095132,98.0,10,51.9,5,99.0,4.36,99.0,0.1,1839.72945,2213197.0,3.8,4.2,0.708,11.7
2134,2134,Romania,2000,Developed,77.0,175.0,4,10.16,152.6368899,98.0,35,51.4,5,99.0,4.33,99.0,0.1,1668.162731,22442971.0,4.0,4.3,0.703,11.5
2313,2313,Singapore,2015,Developed,83.1,55.0,0,1.79,0.0,96.0,0,33.2,0,96.0,,96.0,0.1,53629.73746,,2.2,2.2,0.924,15.4
2314,2314,Singapore,2014,Developed,82.9,56.0,0,1.83,7971.646361,96.0,0,32.9,0,96.0,4.92,96.0,0.1,56336.7234,,2.2,2.2,0.922,15.4
2315,2315,Singapore,2013,Developed,82.7,57.0,0,1.83,714.3441019,97.0,138,32.7,0,97.0,4.53,97.0,0.1,5629.18914,,2.2,2.2,0.92,15.4
2316,2316,Singapore,2012,Developed,82.5,59.0,0,1.89,6041.858981,97.0,42,32.4,0,97.0,4.22,97.0,0.1,54431.16199,,2.2,2.1,0.917,15.4
2317,2317,Singapore,2011,Developed,82.2,6.0,0,1.8,638.0001097,96.0,148,32.1,0,96.0,3.93,96.0,0.1,53166.67581,,2.1,2.1,0.911,15.2
2318,2318,Singapore,2010,Developed,82.0,61.0,0,1.84,4540.543752,96.0,50,31.8,0,96.0,3.96,96.0,0.1,46569.67951,,2.1,2.1,0.889,14.5
2319,2319,Singapore,2009,Developed,81.7,62.0,0,1.73,462.9306986,96.0,16,31.5,0,97.0,4.27,97.0,0.1,38577.55822,,2.1,2.1,0.887,14.4
2320,2320,Singapore,2008,Developed,81.4,64.0,0,1.7,3404.13099,97.0,18,31.2,0,97.0,3.91,97.0,0.1,39721.4818,,2.1,2.1,0.88,14.2
2321,2321,Singapore,2007,Developed,81.1,65.0,0,1.6,3082.973535,96.0,15,3.9,0,97.0,3.46,97.0,0.1,39223.58187,,2.1,2.0,0.873,14.1
2322,2322,Singapore,2006,Developed,87.0,66.0,0,1.55,2639.376955,95.0,23,3.5,0,95.0,3.66,95.0,0.1,33579.85948,,2.1,2.0,0.839,13.9
2323,2323,Singapore,2005,Developed,82.0,69.0,0,1.49,2356.731479,96.0,33,3.2,0,96.0,3.74,96.0,0.1,29869.85398,,2.1,2.0,0.821,12.6
2324,2324,Singapore,2004,Developed,79.7,71.0,0,1.45,204.2481892,94.0,96,29.9,0,95.0,3.17,95.0,0.1,2745.27136,,2.1,2.0,0.82,12.7
2325,2325,Singapore,2003,Developed,79.3,73.0,0,1.43,2263.068326,95.0,33,29.6,0,96.0,3.63,96.0,0.1,23573.6284,,2.1,2.0,0.819,12.7
2326,2326,Singapore,2002,Developed,79.0,74.0,0,2.16,142.0989818,95.0,211,29.2,0,94.0,2.84,94.0,0.1,2216.83279,,2.1,2.0,0.818,12.6
2327,2327,Singapore,2001,Developed,78.7,76.0,0,2.08,1003.366877,95.0,408,28.9,0,95.0,2.37,96.0,0.1,21577.7823,,2.1,2.0,0.82,12.7
2328,2328,Singapore,2000,Developed,78.3,78.0,0,2.03,1855.828806,97.0,141,28.5,0,98.0,2.71,98.0,0.1,23792.677,,2.1,2.0,0.81,12.5
2329,2329,Slovakia,2015,Developed,76.7,19.0,0,,0.0,96.0,1,59.1,0,96.0,,96.0,0.1,,,1.2,1.2,0.842,15.0
2330,2330,Slovakia,2014,Developed,76.4,113.0,0,10.6,0.0,97.0,0,58.4,0,97.0,8.5,97.0,0.1,,,1.2,1.2,0.841,15.1
2331,2331,Slovakia,2013,Developed,76.1,114.0,0,9.89,0.0,98.0,0,57.8,0,98.0,8.0,98.0,0.1,,,1.2,1.3,0.838,15.0
2332,2332,Slovakia,2012,Developed,75.8,118.0,0,10.12,0.0,99.0,0,57.2,0,99.0,8.15,99.0,0.1,,,1.2,1.3,0.835,15.0
2333,2333,Slovakia,2011,Developed,75.6,122.0,0,10.24,0.0,99.0,0,56.5,0,99.0,7.96,99.0,0.1,,,1.2,1.3,0.829,15.0
2334,2334,Slovakia,2010,Developed,75.1,124.0,0,10.13,0.0,99.0,0,55.9,0,99.0,8.51,99.0,0.1,,,1.3,1.3,0.822,15.0
2335,2335,Slovakia,2009,Developed,75.0,131.0,0,10.63,0.0,99.0,0,55.3,0,99.0,9.15,99.0,0.1,,,1.3,1.4,0.82,14.9
2336,2336,Slovakia,2008,Developed,74.7,136.0,0,11.37,0.0,99.0,0,54.8,0,99.0,8.2,99.0,0.1,,,1.3,1.4,0.813,14.8
2337,2337,Slovakia,2007,Developed,74.4,14.0,0,10.58,0.0,99.0,0,54.2,0,99.0,7.76,99.0,0.1,,,1.3,1.4,0.802,14.5
2338,2338,Slovakia,2006,Developed,74.3,138.0,0,10.28,0.0,99.0,0,53.7,0,99.0,7.35,99.0,0.1,,,1.4,1.5,0.793,14.3
2339,2339,Slovakia,2005,Developed,74.0,141.0,0,10.81,0.0,99.0,0,53.1,0,99.0,7.4,99.0,0.1,,,1.4,1.5,0.784,14.0
2340,2340,Slovakia,2004,Developed,74.1,138.0,0,10.03,0.0,99.0,2,52.6,0,99.0,7.21,99.0,0.1,,,1.4,1.5,0.776,13.8
2341,2341,Slovakia,2003,Developed,73.8,144.0,0,9.85,0.0,99.0,1,52.1,0,98.0,5.82,99.0,0.1,,,1.5,1.6,0.771,13.6
2342,2342,Slovakia,2002,Developed,73.7,145.0,0,10.78,0.0,99.0,0,51.6,0,98.0,5.63,99.0,0.1,,,1.5,1.6,0.763,13.3
2343,2343,Slovakia,2001,Developed,73.3,145.0,0,10.73,0.0,99.0,0,51.1,1,99.0,5.5,99.0,0.1,,,1.5,1.6,0.763,13.3
2344,2344,Slovakia,2000,Developed,73.0,147.0,0,11.06,0.0,98.0,0,5.7,1,98.0,5.5,99.0,0.1,,,1.6,1.7,0.761,13.0
2345,2345,Slovenia,2015,Developed,88.0,74.0,0,,0.0,,18,6.1,0,95.0,,95.0,0.1,2729.86383,263531.0,1.4,1.3,0.888,17.3
2346,2346,Slovenia,2014,Developed,87.0,76.0,0,10.46,31.13492794,,52,59.5,0,95.0,9.23,95.0,0.1,242.67286,26198.0,1.4,1.4,0.888,17.6
2347,2347,Slovenia,2013,Developed,85.0,78.0,0,9.53,259.7786785,,1,58.9,0,95.0,9.29,95.0,0.1,2315.31799,259953.0,1.4,1.4,0.878,16.8
2348,2348,Slovenia,2012,Developed,82.0,81.0,0,10.95,3283.024864,,2,58.2,0,96.0,9.37,96.0,0.1,22486.47167,257159.0,1.5,1.5,0.877,16.8
2349,2349,Slovenia,2011,Developed,79.8,84.0,0,10.61,3343.026219,,22,57.6,0,96.0,9.8,96.0,0.1,24985.24827,252843.0,1.6,1.6,0.876,17.0
2350,2350,Slovenia,2010,Developed,79.5,87.0,0,10.32,3187.496219,,2,57.0,0,96.0,9.7,96.0,0.1,23437.4722,248583.0,1.6,1.6,0.872,16.9
2351,2351,Slovenia,2009,Developed,79.1,9.0,0,10.52,3505.389434,,0,56.4,0,96.0,9.38,96.0,0.1,24633.79785,239669.0,1.7,1.7,0.873,16.9
2352,2352,Slovenia,2008,Developed,78.9,96.0,0,10.94,392.9588536,,0,55.8,0,97.0,8.47,97.0,0.1,2751.8127,221316.0,1.7,1.7,0.869,16.9
2353,2353,Slovenia,2007,Developed,78.3,12.0,0,11.02,3256.724028,,0,55.2,0,97.0,7.98,97.0,0.1,23841.31792,218122.0,1.8,1.8,0.865,16.8
2354,2354,Slovenia,2006,Developed,78.1,17.0,0,12.26,2724.17807,,0,54.7,0,97.0,8.42,97.0,0.1,19726.1265,26868.0,1.8,1.9,0.858,16.7
2355,2355,Slovenia,2005,Developed,77.5,14.0,0,11.14,2503.714258,,0,54.1,0,95.0,8.5,95.0,0.1,18169.1891,2474.0,1.9,2.0,0.853,16.3
2356,2356,Slovenia,2004,Developed,77.2,113.0,0,10.0,235.3785281,,0,53.5,0,94.0,8.47,94.0,0.1,1726.9151,199712.0,2.0,2.0,0.85,16.6
2357,2357,Slovenia,2003,Developed,76.5,119.0,0,11.58,203.3252124,,0,52.9,0,95.0,8.77,95.0,0.1,1488.47154,1995733.0,2.0,2.1,0.843,16.1
2358,2358,Slovenia,2002,Developed,76.6,117.0,0,9.29,1617.473418,,0,52.3,0,93.0,8.62,93.0,0.1,11814.9994,199453.0,2.1,2.2,0.835,15.6
2359,2359,Slovenia,2001,Developed,76.2,124.0,0,10.8,196.3026243,,0,51.8,0,93.0,8.57,92.0,0.1,1479.29634,19926.0,2.2,2.2,0.824,14.7
2360,2360,Slovenia,2000,Developed,76.0,122.0,0,11.9,161.4473853,,0,51.2,0,93.0,8.26,91.0,0.1,1227.73677,1988925.0,2.2,2.3,0.818,14.6
2425,2425,Spain,2015,Developed,82.8,56.0,1,,0.0,97.0,115,66.6,1,97.0,,97.0,0.1,25683.84565,46447697.0,0.6,0.5,0.882,17.7
2426,2426,Spain,2014,Developed,82.6,58.0,1,0.01,42.98847625,96.0,154,66.0,1,97.0,9.3,97.0,0.1,296.47225,4648882.0,0.6,0.5,0.877,17.6
2427,2427,Spain,2013,Developed,82.4,6.0,1,9.25,423.680459,95.0,131,65.4,2,96.0,9.1,96.0,0.1,2921.9342,466245.0,0.6,0.5,0.874,17.5
2428,2428,Spain,2012,Developed,82.0,61.0,1,9.35,4255.781693,96.0,1204,64.8,2,97.0,9.39,97.0,0.1,28562.29324,4677355.0,0.6,0.5,0.871,17.2
2429,2429,Spain,2011,Developed,82.1,63.0,1,9.62,4873.8188,97.0,3802,64.1,2,97.0,9.48,97.0,0.1,31834.21816,46742697.0,0.6,0.5,0.867,16.9
2430,2430,Spain,2010,Developed,81.9,64.0,1,9.78,578.7417172,97.0,302,63.5,2,97.0,9.56,97.0,0.1,3736.228,46576897.0,0.6,0.5,0.86,16.4
2431,2431,Spain,2009,Developed,81.6,66.0,2,9.99,5047.254058,96.0,41,62.9,2,96.0,9.52,96.0,0.1,32333.4661,46362946.0,0.6,0.5,0.858,16.3
2432,2432,Spain,2008,Developed,81.3,7.0,2,10.24,5596.535203,97.0,297,62.3,2,97.0,8.8,97.0,0.1,35578.73619,4595416.0,0.6,0.5,0.854,16.1
2433,2433,Spain,2007,Developed,89.0,72.0,2,11.05,510.9327012,96.0,267,61.7,2,96.0,8.36,96.0,0.1,3279.414,4522683.0,0.6,0.5,0.849,16.0
2434,2434,Spain,2006,Developed,88.0,73.0,2,11.86,4460.390006,97.0,362,61.1,2,98.0,8.23,98.0,0.1,28482.6948,44397319.0,0.6,0.5,0.844,15.9
2435,2435,Spain,2005,Developed,81.0,77.0,2,11.92,405.4475981,96.0,22,6.5,2,96.0,8.12,96.0,0.1,2651.71745,43653155.0,0.6,0.5,0.837,15.8
2436,2436,Spain,2004,Developed,81.0,79.0,2,11.96,3715.370095,97.0,26,59.9,2,97.0,8.5,97.0,0.1,24918.64584,42921895.0,0.6,0.5,0.833,15.6
2437,2437,Spain,2003,Developed,79.4,83.0,2,12.09,3205.019918,81.0,256,59.3,2,99.0,7.99,98.0,0.1,21495.7741,42187645.0,0.6,0.5,0.83,15.6
2438,2438,Spain,2002,Developed,79.5,83.0,2,12.26,228.3543024,82.0,67,58.8,2,98.0,7.25,98.0,0.1,1719.53541,41431558.0,0.6,0.5,0.828,15.7
2439,2439,Spain,2001,Developed,79.4,84.0,2,9.86,2044.169761,83.0,0,58.2,2,95.0,7.24,96.0,0.1,15323.6114,485412.0,0.6,0.5,0.825,15.7
2440,2440,Spain,2000,Developed,79.1,86.0,2,11.12,1934.398154,77.0,152,57.6,2,95.0,7.21,95.0,0.1,14676.769,4567864.0,0.6,0.5,0.82,15.7
2505,2505,Sweden,2015,Developed,82.4,53.0,0,,0.0,67.0,22,59.5,0,98.0,,98.0,0.1,5585.25847,9799186.0,1.5,1.4,0.909,15.9
2506,2506,Sweden,2014,Developed,82.3,54.0,0,7.3,1142.212403,67.0,26,59.0,0,98.0,11.93,98.0,0.1,5918.19898,969611.0,1.5,1.3,0.906,15.8
2507,2507,Sweden,2013,Developed,81.9,57.0,0,7.3,1212.666327,67.0,51,58.5,0,98.0,11.97,98.0,0.1,6283.24522,96379.0,1.4,1.3,0.904,15.8
2508,2508,Sweden,2012,Developed,81.7,57.0,0,7.4,10947.02327,53.0,30,58.1,0,98.0,11.8,98.0,0.1,57134.777,9519374.0,1.4,1.3,0.903,15.8
2509,2509,Sweden,2011,Developed,81.7,58.0,0,7.4,11477.6671,42.0,26,57.7,0,98.0,11.7,98.0,0.1,59593.28711,9449213.0,1.4,1.3,0.901,16.0
2510,2510,Sweden,2010,Developed,81.5,58.0,0,7.2,778.2477467,,6,57.3,0,98.0,9.47,98.0,0.1,5276.25591,9378126.0,1.3,1.3,0.895,15.8
2511,2511,Sweden,2009,Developed,81.4,62.0,0,7.3,682.1070608,,3,56.9,0,98.0,9.94,98.0,0.1,4627.592,9298515.0,1.3,1.3,0.898,15.8
2512,2512,Sweden,2008,Developed,81.1,62.0,0,6.9,8105.590882,,25,56.5,0,98.0,9.23,98.0,0.1,55746.84238,9219637.0,1.3,1.3,0.897,15.7
2513,2513,Sweden,2007,Developed,89.0,63.0,0,6.9,7593.391622,,1,56.1,0,98.0,8.92,98.0,0.1,53324.37937,914892.0,1.3,1.3,0.895,15.8
2514,2514,Sweden,2006,Developed,88.0,64.0,0,6.5,6369.516139,,19,55.7,0,98.0,8.95,98.0,0.1,46256.4716,9855.0,1.3,1.3,0.892,15.9
2515,2515,Sweden,2005,Developed,85.0,66.0,0,6.5,599.0392403,,13,55.3,0,98.0,9.6,98.0,0.1,4385.35315,929572.0,1.3,1.3,0.89,16.0
2516,2516,Sweden,2004,Developed,83.0,7.0,0,6.6,5793.363644,,5,54.9,0,99.0,9.9,99.0,0.1,42442.2245,8993531.0,1.3,1.3,0.888,16.0
2517,2517,Sweden,2003,Developed,82.0,69.0,0,6.9,5067.411418,,3,54.4,0,99.0,9.31,99.0,0.1,36961.42537,8958229.0,1.3,1.3,0.882,15.9
2518,2518,Sweden,2002,Developed,79.9,71.0,0,6.9,3998.09987,,9,53.9,0,99.0,9.23,99.0,0.1,29571.7446,8924958.0,1.3,1.3,0.88,15.9
2519,2519,Sweden,2001,Developed,79.8,73.0,0,6.6,3554.546434,,5,53.4,0,99.0,8.86,99.0,0.1,26969.24457,889596.0,1.3,1.3,0.877,15.9
2520,2520,Sweden,2000,Developed,79.6,73.0,0,6.2,3689.7273,,59,52.8,0,99.0,8.18,99.0,0.1,29283.55,887219.0,1.4,1.3,0.873,15.9
2521,2521,Switzerland,2015,Developed,83.4,49.0,0,,0.0,,35,57.4,0,97.0,,97.0,0.1,8989.8424,8282396.0,0.4,0.3,0.938,16.0
2522,2522,Switzerland,2014,Developed,83.2,51.0,0,9.61,19479.91161,,23,57.0,0,96.0,11.66,96.0,0.1,85814.58857,8188649.0,0.4,0.3,0.936,15.9
2523,2523,Switzerland,2013,Developed,83.0,52.0,0,9.73,19099.04506,,175,56.6,0,96.0,11.71,96.0,0.1,84658.88768,889346.0,0.4,0.3,0.934,15.8
2524,2524,Switzerland,2012,Developed,82.7,54.0,0,9.86,18379.32974,,61,56.2,0,96.0,11.59,96.0,0.1,83164.38795,7996861.0,0.5,0.3,0.932,15.7
2525,2525,Switzerland,2011,Developed,82.6,55.0,0,9.99,18822.86732,,621,55.8,0,96.0,11.21,96.0,0.1,87998.44468,7912398.0,0.5,0.3,0.932,15.6
2526,2526,Switzerland,2010,Developed,82.3,57.0,0,10.01,2198.590865,,77,55.4,0,96.0,11.7,95.0,0.1,74276.71842,782499.0,0.5,0.4,0.92,15.4
2527,2527,Switzerland,2009,Developed,82.1,6.0,0,10.15,14714.82588,,958,55.0,0,96.0,11.0,95.0,0.1,69672.471,7743831.0,0.5,0.4,0.916,15.3
2528,2528,Switzerland,2008,Developed,82.0,6.0,0,10.29,2084.255535,,2022,54.6,0,96.0,1.29,95.0,0.1,72119.5687,7647675.0,0.5,0.4,0.914,15.3
2529,2529,Switzerland,2007,Developed,81.7,63.0,0,10.44,11892.33429,,1015,54.1,0,94.0,1.21,94.0,0.1,63223.46778,7551117.0,0.5,0.4,0.911,15.3
2530,2530,Switzerland,2006,Developed,81.5,65.0,0,10.24,10598.08187,,0,53.7,0,94.0,1.39,94.0,0.1,57348.92788,7483934.0,0.6,0.4,0.904,15.2
2531,2531,Switzerland,2005,Developed,81.1,66.0,0,10.15,10055.34981,,60,53.2,0,94.0,1.86,94.0,0.1,54797.54663,7437115.0,0.6,0.4,0.899,15.2
2532,2532,Switzerland,2004,Developed,81.0,69.0,0,10.55,9495.540576,,39,52.8,0,95.0,1.96,93.0,0.1,53255.97631,7389625.0,0.6,0.4,0.895,15.1
2533,2533,Switzerland,2003,Developed,85.0,72.0,0,10.82,842.2768087,,574,52.3,0,95.0,1.93,93.0,0.1,4796.56497,73391.0,0.6,0.5,0.889,15.0
2534,2534,Switzerland,2002,Developed,84.0,74.0,0,10.85,6853.628494,,0,51.8,0,95.0,1.61,93.0,0.1,41336.72192,7284753.0,0.6,0.5,0.89,15.2
2535,2535,Switzerland,2001,Developed,82.0,75.0,0,11.12,6478.346135,,700,51.3,0,95.0,1.28,93.0,0.1,38538.64447,7229854.0,0.7,0.5,0.888,15.2
2536,2536,Switzerland,2000,Developed,79.7,78.0,0,11.26,5834.582046,,0,5.8,0,95.0,9.91,93.0,0.1,37813.23426,718425.0,0.7,0.5,0.879,15.1
2762,2762,United Kingdom of Great Britain and Northern Ireland,2015,Developed,81.2,69.0,3,10.66,0.0,,91,66.6,4,96.0,,96.0,0.1,,,0.8,0.6,,
2763,2763,United Kingdom of Great Britain and Northern Ireland,2014,Developed,81.0,71.0,3,10.37,0.0,,133,66.0,4,95.0,9.12,95.0,0.1,,,0.8,0.5,,
2764,2764,United Kingdom of Great Britain and Northern Ireland,2013,Developed,87.0,72.0,3,10.32,0.0,,1919,65.4,4,95.0,9.34,95.0,0.1,,,0.8,0.5,,
2765,2765,United Kingdom of Great Britain and Northern Ireland,2012,Developed,86.0,72.0,3,10.42,0.0,,2092,64.8,4,95.0,9.41,95.0,0.1,,,0.8,0.5,,
2766,2766,United Kingdom of Great Britain and Northern Ireland,2011,Developed,86.0,74.0,3,10.68,0.0,,1112,64.2,4,95.0,9.34,95.0,0.1,,,0.8,0.5,,
2767,2767,United Kingdom of Great Britain and Northern Ireland,2010,Developed,82.0,77.0,3,10.88,0.0,,443,63.6,4,94.0,9.51,94.0,0.1,,,0.8,0.5,,
2768,2768,United Kingdom of Great Britain and Northern Ireland,2009,Developed,81.0,78.0,4,10.79,0.0,,1212,63.1,4,93.0,9.81,93.0,0.1,,,0.8,0.5,,
2769,2769,United Kingdom of Great Britain and Northern Ireland,2008,Developed,79.6,8.0,4,11.47,0.0,,1445,62.5,4,92.0,8.85,92.0,0.1,,,0.8,0.5,,
2770,2770,United Kingdom of Great Britain and Northern Ireland,2007,Developed,79.5,8.0,4,11.84,0.0,,1022,61.9,4,92.0,8.42,92.0,0.1,,,0.7,0.5,,
2771,2771,United Kingdom of Great Britain and Northern Ireland,2006,Developed,79.3,82.0,4,11.61,0.0,,764,61.3,4,92.0,8.36,92.0,0.1,,,0.7,0.5,,
2772,2772,United Kingdom of Great Britain and Northern Ireland,2005,Developed,79.0,82.0,4,12.05,0.0,,79,6.7,4,91.0,8.24,91.0,0.1,,,0.7,0.5,,
2773,2773,United Kingdom of Great Britain and Northern Ireland,2004,Developed,78.8,83.0,4,12.22,0.0,,189,6.1,4,92.0,7.98,92.0,0.1,,,0.7,0.5,,
2774,2774,United Kingdom of Great Britain and Northern Ireland,2003,Developed,78.3,86.0,4,11.85,0.0,,460,59.5,4,91.0,7.81,91.0,0.1,,,0.7,0.5,,
2775,2775,United Kingdom of Great Britain and Northern Ireland,2002,Developed,78.2,87.0,4,11.44,0.0,,314,58.8,4,91.0,7.57,91.0,0.1,,,0.7,0.5,,
2776,2776,United Kingdom of Great Britain and Northern Ireland,2001,Developed,78.0,88.0,4,10.91,0.0,,73,58.2,4,91.0,7.31,91.0,0.1,,,0.7,0.5,,
2777,2777,United Kingdom of Great Britain and Northern Ireland,2000,Developed,77.8,89.0,4,10.59,0.0,,104,57.5,5,91.0,6.94,91.0,0.1,,,0.7,0.5,,
2794,2794,United States of America,2015,Developed,79.3,13.0,23,,0.0,92.0,188,69.6,26,93.0,,95.0,0.1,,,0.8,0.6,,
2795,2795,United States of America,2014,Developed,79.1,14.0,23,8.82,0.0,92.0,667,69.1,27,93.0,17.14,95.0,0.1,,,0.8,0.6,,
2796,2796,United States of America,2013,Developed,78.9,16.0,23,8.82,0.0,91.0,187,68.6,27,93.0,16.9,94.0,0.1,,,0.7,0.6,,
2797,2797,United States of America,2012,Developed,78.8,16.0,24,8.82,0.0,9.0,55,68.0,28,93.0,17.2,94.0,0.1,,,0.7,0.6,,
2798,2798,United States of America,2011,Developed,78.7,16.0,25,8.67,0.0,91.0,220,67.5,29,94.0,17.6,96.0,0.1,,,0.7,0.6,,
2799,2799,United States of America,2010,Developed,78.7,15.0,25,8.55,0.0,92.0,63,66.9,30,93.0,17.2,95.0,0.1,,,0.7,0.6,,
2800,2800,United States of America,2009,Developed,78.5,18.0,26,8.71,0.0,92.0,71,66.3,31,93.0,17.0,95.0,0.1,,,0.7,0.6,,
2801,2801,United States of America,2008,Developed,78.2,18.0,27,8.74,0.0,94.0,140,65.7,31,94.0,16.2,96.0,0.1,,,0.7,0.6,,
2802,2802,United States of America,2007,Developed,78.1,11.0,27,8.74,0.0,93.0,43,65.1,32,93.0,15.57,96.0,0.1,,,0.7,0.6,,
2803,2803,United States of America,2006,Developed,77.8,113.0,28,8.63,0.0,93.0,55,64.4,33,93.0,15.27,96.0,0.1,,,0.7,0.6,,
2804,2804,United States of America,2005,Developed,77.5,112.0,28,8.52,0.0,93.0,66,63.8,33,92.0,15.15,96.0,0.1,,,0.7,0.6,,
2805,2805,United States of America,2004,Developed,77.5,111.0,28,8.48,0.0,92.0,37,63.1,33,92.0,15.14,96.0,0.1,,,0.7,0.6,,
2806,2806,United States of America,2003,Developed,77.2,114.0,28,8.4,0.0,92.0,56,62.4,33,91.0,15.6,96.0,0.1,,,0.7,0.6,,
2807,2807,United States of America,2002,Developed,77.0,115.0,28,8.33,0.0,88.0,41,61.7,33,9.0,14.55,94.0,0.1,,,0.8,0.6,,
2808,2808,United States of America,2001,Developed,76.9,115.0,28,8.25,0.0,89.0,116,6.9,33,89.0,13.73,94.0,0.1,,,0.8,0.6,,
2809,2809,United States of America,2000,Developed,76.8,114.0,28,8.21,0.0,9.0,85,6.1,33,9.0,13.7,94.0,0.1,,,0.8,0.7,,
